0,1,2,3,4,5,6,7,8,9,10,11,12,13,14,15,16,17,18,19,20,21,22,23,24,25,26,27,28,29,30,31,32,33,34,35,36,37,38,39,40,41,42,43,44,45,46,47,48,49,50,51,52,53,54,55,56,57,58,59,60,61,62,63,64,65,66,67,68,69,70,71,72,73,74,75,76,77,78,79,80,81,82,83,84,85,86,87,88,89,90,91,92,93,94,95,96,97,98,99
1.000000,0.984135,0.968277,0.952435,0.936616,0.920827,0.905074,0.889365,0.873707,0.858104,0.842563,0.827090,0.811691,0.796370,0.781133,0.765985,0.750930,0.735974,0.721120,0.706373,0.691736,0.677213,0.662809,0.648526,0.634368,0.620337,0.606438,0.592672,0.579042,0.565551,0.552202,0.538995,0.525934,0.513020,0.500256,0.487642,0.475180,0.462873,0.450720,0.438723,0.426884,0.415203,0.403681,0.392319,0.381118,0.370077,0.359198,0.348481,0.337926,0.327533,0.317302,0.307233,0.297327,0.287583,0.278001,0.268580,0.259321,0.250222,0.241283,0.232504,0.223884,0.215422,0.207118,0.198971,0.190979,0.183142,0.175460,0.167930,0.160553,0.153326,0.146249,0.139321,0.132540,0.125905,0.119414,0.113068,0.106864,0.100800,0.094876,0.089090,0.083440,0.077926,0.072545,0.067297,0.062179,0.057190,0.052328,0.047593,0.042981,0.038493,0.034126,0.029878,0.025748,0.021734,0.017835,0.014048,0.010374,0.006808,0.003351,0.000000
0.999874,0.984020,0.968174,0.952342,0.936533,0.920754,0.905011,0.889312,0.873662,0.858068,0.842535,0.827070,0.811679,0.796365,0.781136,0.765994,0.750946,0.735996,0.721148,0.706406,0.691775,0.677257,0.662857,0.648579,0.634425,0.620398,0.606502,0.592740,0.579113,0.565625,0.552278,0.539074,0.526015,0.513103,0.500340,0.487728,0.475267,0.462961,0.450809,0.438813,0.426974,0.415294,0.403772,0.392410,0.381208,0.370168,0.359288,0.348570,0.338014,0.327621,0.317389,0.307320,0.297412,0.287667,0.278084,0.268661,0.259400,0.250300,0.241360,0.232579,0.223957,0.215494,0.207188,0.199038,0.191045,0.183206,0.175522,0.167990,0.160610,0.153382,0.146302,0.139372,0.132589,0.125952,0.119460,0.113111,0.106905,0.100839,0.094913,0.089125,0.083473,0.077957,0.072574,0.067323,0.062203,0.057213,0.052349,0.047612,0.042999,0.038508,0.034139,0.029890,0.025758,0.021743,0.017842,0.014054,0.010378,0.006811,0.003352,0.000000
0.999497,0.983658,0.967826,0.952010,0.936215,0.920450,0.904721,0.889034,0.873397,0.857816,0.842295,0.826842,0.811462,0.796160,0.780941,0.765811,0.750773,0.735832,0.720994,0.706261,0.691639,0.677130,0.662738,0.648468,0.634321,0.620302,0.606413,0.592658,0.579037,0.565556,0.552214,0.539016,0.525962,0.513056,0.500298,0.487690,0.475234,0.462932,0.450784,0.438792,0.426957,0.415279,0.403761,0.392402,0.381203,0.370165,0.359287,0.348572,0.338018,0.327626,0.317396,0.307328,0.297422,0.287678,0.278096,0.268675,0.259414,0.250315,0.241375,0.232595,0.223974,0.215510,0.207205,0.199055,0.191062,0.183224,0.175539,0.168007,0.160627,0.153398,0.146319,0.139388,0.132605,0.125967,0.119474,0.113125,0.106918,0.100852,0.094926,0.089137,0.083485,0.077968,0.072584,0.067333,0.062212,0.057221,0.052357,0.047619,0.043005,0.038514,0.034144,0.029894,0.025762,0.021746,0.017845,0.014056,0.010379,0.006812,0.003353,0.000000
0.998867,0.983048,0.967235,0.951437,0.935661,0.919913,0.904202,0.888533,0.872912,0.857347,0.841843,0.826406,0.811041,0.795754,0.780550,0.765434,0.750410,0.735483,0.720658,0.705938,0.691328,0.676832,0.662452,0.648193,0.634058,0.620050,0.606171,0.592426,0.578816,0.565343,0.552011,0.538822,0.525777,0.512879,0.500129,0.487529,0.475081,0.462786,0.450645,0.438660,0.426831,0.415160,0.403647,0.392294,0.381101,0.370068,0.359196,0.348485,0.337936,0.327548,0.317322,0.307259,0.297357,0.287616,0.278037,0.268620,0.259363,0.250266,0.241329,0.232552,0.223933,0.215473,0.207169,0.199022,0.191031,0.183194,0.175512,0.167982,0.160604,0.153376,0.146298,0.139369,0.132587,0.125950,0.119459,0.113111,0.106905,0.100840,0.094914,0.089126,0.083475,0.077959,0.072576,0.067326,0.062206,0.057215,0.052351,0.047614,0.043001,0.038510,0.034141,0.029891,0.025759,0.021744,0.017843,0.014055,0.010378,0.006811,0.003352,0.000000
0.997987,0.982190,0.966401,0.950625,0.934871,0.919145,0.903455,0.887807,0.872207,0.856663,0.841179,0.825761,0.810416,0.795147,0.779962,0.764863,0.749857,0.734948,0.720140,0.705437,0.690843,0.676362,0.661998,0.647754,0.633634,0.619640,0.605776,0.592044,0.578447,0.564988,0.551669,0.538492,0.525459,0.512572,0.499834,0.487245,0.474807,0.462523,0.450392,0.438416,0.426597,0.414935,0.403432,0.392087,0.380902,0.369877,0.359013,0.348310,0.337768,0.327387,0.317168,0.307111,0.297216,0.287482,0.277909,0.268497,0.259245,0.250154,0.241222,0.232450,0.223836,0.215380,0.207081,0.198938,0.190951,0.183119,0.175440,0.167914,0.160539,0.153315,0.146240,0.139314,0.132535,0.125902,0.119413,0.113068,0.106865,0.100802,0.094879,0.089093,0.083444,0.077930,0.072550,0.067301,0.062183,0.057194,0.052332,0.047597,0.042985,0.038496,0.034129,0.029880,0.025750,0.021736,0.017836,0.014050,0.010374,0.006809,0.003351,0.000000
0.996855,0.981086,0.965322,0.949573,0.933845,0.918145,0.902480,0.886857,0.871283,0.855762,0.840302,0.824908,0.809585,0.794340,0.779177,0.764100,0.749116,0.734227,0.719440,0.704757,0.690183,0.675722,0.661377,0.647152,0.633050,0.619074,0.605227,0.591513,0.577933,0.564490,0.551187,0.538025,0.525008,0.512136,0.499412,0.486837,0.474414,0.462142,0.450025,0.438062,0.426255,0.414605,0.403114,0.391780,0.380607,0.369593,0.358739,0.348046,0.337514,0.327143,0.316934,0.306886,0.296999,0.287274,0.277709,0.268305,0.259062,0.249978,0.241054,0.232289,0.223682,0.215233,0.206940,0.198804,0.190823,0.182997,0.175323,0.167803,0.160434,0.153215,0.146146,0.139224,0.132450,0.125821,0.119337,0.112996,0.106797,0.100739,0.094819,0.089038,0.083392,0.077882,0.072505,0.067259,0.062145,0.057159,0.052300,0.047567,0.042959,0.038473,0.034108,0.029862,0.025734,0.021723,0.017825,0.014041,0.010368,0.006805,0.003349,0.000000
0.995472,0.979734,0.964001,0.948282,0.932584,0.916914,0.901278,0.885684,0.870138,0.854646,0.839213,0.823846,0.808551,0.793332,0.778195,0.763144,0.748185,0.733321,0.718558,0.703899,0.689349,0.674911,0.660589,0.646386,0.632306,0.618351,0.604526,0.590832,0.577272,0.563849,0.550565,0.537422,0.524423,0.511570,0.498863,0.486306,0.473899,0.461645,0.449543,0.437596,0.425805,0.414170,0.402693,0.391374,0.380215,0.369214,0.358374,0.347694,0.337175,0.326816,0.316619,0.306583,0.296707,0.286993,0.277439,0.268046,0.258813,0.249739,0.240825,0.232069,0.223471,0.215031,0.206747,0.198619,0.190646,0.182828,0.175162,0.167649,0.160288,0.153076,0.146013,0.139099,0.132331,0.125709,0.119231,0.112896,0.106702,0.100649,0.094735,0.088959,0.083319,0.077813,0.072441,0.067201,0.062091,0.057109,0.052255,0.047526,0.042922,0.038439,0.034078,0.029836,0.025712,0.021704,0.017810,0.014029,0.010359,0.006799,0.003346,0.000000
0.993838,0.978135,0.962437,0.946753,0.931088,0.915452,0.899849,0.884288,0.868774,0.853313,0.837913,0.822577,0.807312,0.792124,0.777016,0.761995,0.747065,0.732230,0.717495,0.702864,0.688341,0.673929,0.659633,0.645456,0.631402,0.617472,0.603671,0.590001,0.576465,0.563065,0.549803,0.536683,0.523706,0.510874,0.498188,0.485652,0.473265,0.461030,0.448948,0.437020,0.425247,0.413630,0.402171,0.390869,0.379726,0.368742,0.357918,0.347253,0.336750,0.326406,0.316223,0.306201,0.296340,0.286639,0.277099,0.267718,0.258498,0.249436,0.240534,0.231790,0.223203,0.214774,0.206501,0.198384,0.190421,0.182612,0.174957,0.167453,0.160100,0.152898,0.145844,0.138938,0.132178,0.125564,0.119094,0.112766,0.106580,0.100535,0.094628,0.088858,0.083224,0.077725,0.072359,0.067125,0.062020,0.057045,0.052196,0.047473,0.042873,0.038396,0.034040,0.029803,0.025683,0.021679,0.017790,0.014013,0.010348,0.006791,0.003343,0.000000
0.991955,0.976290,0.960631,0.944984,0.929358,0.913758,0.898193,0.882668,0.867191,0.851766,0.836400,0.821100,0.805870,0.790715,0.775641,0.760653,0.745756,0.730953,0.716250,0.701650,0.687158,0.672777,0.658511,0.644363,0.630337,0.616436,0.602663,0.589020,0.575511,0.562138,0.548903,0.535808,0.522856,0.510048,0.497387,0.484874,0.472510,0.460298,0.448238,0.436332,0.424580,0.412985,0.401546,0.390264,0.379141,0.368176,0.357370,0.346725,0.336239,0.325913,0.315747,0.305742,0.295897,0.286212,0.276687,0.267322,0.258117,0.249070,0.240182,0.231451,0.222878,0.214462,0.206202,0.198098,0.190147,0.182350,0.174706,0.167214,0.159873,0.152681,0.145637,0.138741,0.131992,0.125387,0.118926,0.112608,0.106431,0.100394,0.094495,0.088734,0.083108,0.077617,0.072259,0.067032,0.061935,0.056966,0.052124,0.047407,0.042814,0.038343,0.033993,0.029762,0.025648,0.021650,0.017766,0.013994,0.010333,0.006782,0.003338,0.000000
0.989821,0.974200,0.958582,0.942978,0.927393,0.911835,0.896310,0.880826,0.865388,0.850003,0.834677,0.819415,0.804223,0.789107,0.774070,0.759119,0.744258,0.729491,0.714824,0.700259,0.685801,0.671454,0.657221,0.643107,0.629113,0.615244,0.601502,0.587891,0.574412,0.561068,0.547862,0.534796,0.521873,0.509093,0.496459,0.483973,0.471635,0.459449,0.447414,0.435533,0.423806,0.412234,0.400818,0.389560,0.378459,0.367516,0.356732,0.346107,0.335642,0.325337,0.315191,0.305205,0.295379,0.285712,0.276206,0.266858,0.257670,0.248640,0.239768,0.231054,0.222497,0.214096,0.205851,0.197761,0.189825,0.182042,0.174411,0.166932,0.159604,0.152424,0.145393,0.138509,0.131771,0.125178,0.118728,0.112421,0.106255,0.100228,0.094339,0.088588,0.082971,0.077489,0.072140,0.066921,0.061833,0.056872,0.052038,0.047329,0.042744,0.038280,0.033937,0.029713,0.025606,0.021614,0.017736,0.013971,0.010316,0.006771,0.003332,0.000000
0.987439,0.971863,0.956293,0.940734,0.925194,0.909681,0.894202,0.878762,0.863368,0.848026,0.832743,0.817524,0.802374,0.787299,0.772304,0.757393,0.742572,0.727845,0.713216,0.698690,0.684270,0.669961,0.655765,0.641687,0.627730,0.613896,0.600189,0.586611,0.573166,0.559856,0.546683,0.533649,0.520757,0.508008,0.495405,0.482948,0.470641,0.458483,0.446477,0.434623,0.422923,0.411378,0.399989,0.388756,0.377680,0.366763,0.356003,0.345402,0.334960,0.324677,0.314554,0.304590,0.294785,0.285140,0.275653,0.266326,0.257157,0.248146,0.239293,0.230597,0.222058,0.213675,0.205447,0.197373,0.189454,0.181687,0.174072,0.166608,0.159294,0.152129,0.145112,0.138242,0.131517,0.124937,0.118500,0.112205,0.106051,0.100036,0.094159,0.088418,0.082813,0.077342,0.072002,0.066794,0.061715,0.056764,0.051939,0.047239,0.042663,0.038208,0.033873,0.029657,0.025557,0.021573,0.017703,0.013945,0.010297,0.006758,0.003326,0.000000
0.984808,0.969283,0.953762,0.938253,0.922763,0.907299,0.891867,0.876475,0.861129,0.845835,0.830599,0.815426,0.800322,0.785292,0.770341,0.755475,0.740698,0.726014,0.711428,0.696944,0.682566,0.668298,0.654143,0.640105,0.626187,0.612392,0.598723,0.585183,0.571775,0.558501,0.545364,0.532366,0.519509,0.506794,0.494224,0.481801,0.469526,0.457400,0.445425,0.433603,0.421933,0.410418,0.399058,0.387853,0.376806,0.365915,0.355183,0.344608,0.334192,0.323935,0.313836,0.303896,0.294116,0.284494,0.275030,0.265725,0.256578,0.247589,0.238757,0.230082,0.221563,0.213199,0.204990,0.196935,0.189034,0.181285,0.173688,0.166241,0.158944,0.151795,0.144794,0.137939,0.131230,0.124664,0.118242,0.111961,0.105820,0.099818,0.093954,0.088226,0.082633,0.077174,0.071846,0.066650,0.061582,0.056641,0.051827,0.047137,0.042571,0.038125,0.033800,0.029593,0.025502,0.021527,0.017665,0.013915,0.010275,0.006743,0.003319,0.000000
0.981929,0.966458,0.950991,0.935535,0.920098,0.904687,0.889308,0.873968,0.858673,0.843430,0.828244,0.813121,0.798067,0.783086,0.768184,0.753366,0.738637,0.724000,0.709460,0.695022,0.680689,0.666466,0.652355,0.638360,0.624485,0.610732,0.597105,0.583606,0.570239,0.557005,0.543907,0.530947,0.518128,0.505451,0.492918,0.480531,0.468291,0.456201,0.444260,0.432471,0.420835,0.409352,0.398024,0.386852,0.375835,0.364975,0.354272,0.343726,0.333339,0.323109,0.313038,0.303126,0.293371,0.283775,0.274337,0.265057,0.255934,0.246969,0.238160,0.229507,0.221010,0.212668,0.204481,0.196447,0.188566,0.180837,0.173259,0.165831,0.158552,0.151422,0.144438,0.137601,0.130908,0.124359,0.117953,0.111687,0.105562,0.099575,0.093725,0.088012,0.082433,0.076986,0.071672,0.066488,0.061432,0.056504,0.051702,0.047023,0.042468,0.038033,0.033718,0.029521,0.025440,0.021475,0.017622,0.013881,0.010250,0.006727,0.003311,0.000000
0.978802,0.963389,0.947980,0.932582,0.917202,0.901847,0.886524,0.871240,0.856000,0.840812,0.825680,0.810611,0.795610,0.780682,0.765833,0.751066,0.736388,0.721802,0.707312,0.692923,0.678639,0.664464,0.650401,0.636453,0.622624,0.608917,0.595335,0.581881,0.568557,0.555367,0.542311,0.529394,0.516615,0.503979,0.491486,0.479138,0.466938,0.454885,0.442982,0.431230,0.419630,0.408183,0.396889,0.385751,0.374768,0.363941,0.353270,0.342757,0.332400,0.322202,0.312160,0.302277,0.292552,0.282984,0.273573,0.264320,0.255224,0.246285,0.237501,0.228874,0.220401,0.212083,0.203919,0.195908,0.188049,0.180342,0.172785,0.165378,0.158120,0.151010,0.144046,0.137227,0.130553,0.124022,0.117633,0.111385,0.105277,0.099306,0.093473,0.087774,0.082210,0.076779,0.071479,0.066309,0.061267,0.056352,0.051563,0.046897,0.042354,0.037931,0.033628,0.029442,0.025372,0.021417,0.017575,0.013844,0.010222,0.006709,0.003302,0.000000
0.975430,0.960078,0.944730,0.929393,0.914074,0.898779,0.883516,0.868292,0.853111,0.837981,0.822908,0.807896,0.792952,0.778081,0.763287,0.748576,0.733953,0.719421,0.704985,0.690649,0.676417,0.662293,0.648281,0.634384,0.620605,0.606947,0.593414,0.580008,0.566731,0.553587,0.540577,0.527705,0.514971,0.502379,0.489929,0.477624,0.465464,0.453453,0.441590,0.429878,0.418317,0.406908,0.395653,0.384551,0.373605,0.362813,0.352178,0.341699,0.331376,0.321211,0.311202,0.301351,0.291657,0.282120,0.272739,0.263516,0.254449,0.245538,0.236782,0.228182,0.219736,0.211444,0.203305,0.195319,0.187484,0.179801,0.172268,0.164883,0.157647,0.150559,0.143616,0.136818,0.130164,0.123653,0.117284,0.111054,0.104964,0.099012,0.093196,0.087515,0.081967,0.076552,0.071268,0.066113,0.061086,0.056186,0.051411,0.046759,0.042229,0.037819,0.033529,0.029355,0.025298,0.021354,0.017523,0.013803,0.010192,0.006689,0.003292,0.000000
0.971812,0.956526,0.941243,0.925970,0.910715,0.895485,0.880286,0.865124,0.850007,0.834939,0.819927,0.804977,0.790094,0.775282,0.760548,0.745896,0.731331,0.716857,0.702478,0.688199,0.674023,0.659955,0.645997,0.632154,0.618428,0.604823,0.591341,0.577986,0.564760,0.551666,0.538706,0.525881,0.513195,0.500650,0.488246,0.475987,0.463872,0.451905,0.440086,0.428416,0.416897,0.405530,0.394315,0.383253,0.372346,0.361593,0.350996,0.340554,0.330268,0.320138,0.310165,0.300348,0.290687,0.281183,0.271836,0.262644,0.253608,0.244727,0.236002,0.227431,0.219013,0.210750,0.202638,0.194679,0.186871,0.179214,0.171706,0.164346,0.157134,0.150069,0.143149,0.136374,0.129742,0.123252,0.116904,0.110695,0.104625,0.098692,0.092895,0.087232,0.081703,0.076305,0.071038,0.065900,0.060890,0.056005,0.051245,0.046608,0.042093,0.037698,0.033421,0.029261,0.025216,0.021285,0.017467,0.013759,0.010159,0.006668,0.003282,0.000000
0.967949,0.952732,0.937518,0.922314,0.907127,0.891965,0.876833,0.861738,0.846687,0.831685,0.816739,0.801854,0.787035,0.772288,0.757617,0.743027,0.728524,0.714111,0.699793,0.685574,0.671458,0.657448,0.643549,0.629763,0.616094,0.602545,0.589118,0.575818,0.562646,0.549604,0.536696,0.523924,0.511289,0.498793,0.486439,0.474228,0.462162,0.450241,0.438469,0.426845,0.415371,0.404047,0.392876,0.381857,0.370992,0.360280,0.349723,0.339321,0.329074,0.318983,0.309047,0.299267,0.289643,0.280175,0.270862,0.261704,0.252702,0.243854,0.235161,0.226621,0.218235,0.210001,0.201920,0.193989,0.186210,0.178580,0.171099,0.163766,0.156580,0.149540,0.142645,0.135894,0.129286,0.122820,0.116494,0.110307,0.104258,0.098346,0.092570,0.086927,0.081417,0.076039,0.070790,0.065670,0.060677,0.055810,0.051067,0.046446,0.041946,0.037566,0.033304,0.029159,0.025128,0.021211,0.017406,0.013711,0.010124,0.006644,0.003270,0.000000
0.963842,0.948698,0.933557,0.918425,0.903310,0.888219,0.873159,0.858135,0.843154,0.828222,0.813345,0.798528,0.783777,0.769097,0.754493,0.739970,0.725532,0.711184,0.696931,0.682775,0.668722,0.654775,0.640937,0.627212,0.613603,0.600113,0.586745,0.573502,0.560387,0.547402,0.534550,0.521832,0.509251,0.496809,0.484507,0.472348,0.460333,0.448463,0.436739,0.425164,0.413738,0.402461,0.391336,0.380363,0.369542,0.358875,0.348361,0.338001,0.327796,0.317745,0.307850,0.298109,0.288524,0.279094,0.269818,0.260697,0.251730,0.242918,0.234259,0.225753,0.217400,0.209199,0.201149,0.193250,0.185500,0.177900,0.170448,0.163144,0.155986,0.148973,0.142105,0.135380,0.128797,0.122355,0.116054,0.109891,0.103865,0.097975,0.092221,0.086600,0.081111,0.075753,0.070524,0.065423,0.060449,0.055600,0.050875,0.046271,0.041789,0.037425,0.033179,0.029050,0.025034,0.021132,0.017341,0.013659,0.010086,0.006620,0.003258,0.000000
0.959493,0.944426,0.929361,0.914305,0.899266,0.884250,0.869264,0.854314,0.839407,0.824548,0.809744,0.794999,0.780320,0.765711,0.751178,0.736725,0.722356,0.708077,0.693891,0.679803,0.665816,0.651934,0.638161,0.624500,0.610955,0.597528,0.584222,0.571041,0.557986,0.545061,0.532267,0.519607,0.507083,0.494698,0.482452,0.470347,0.458386,0.446569,0.434898,0.423374,0.411998,0.400772,0.389696,0.378771,0.367998,0.357377,0.346909,0.336594,0.326433,0.316426,0.306574,0.296875,0.287331,0.277941,0.268705,0.259623,0.250694,0.241919,0.233297,0.224827,0.216509,0.208342,0.200326,0.192460,0.184743,0.177175,0.169754,0.162480,0.155351,0.148367,0.141527,0.134830,0.128275,0.121859,0.115583,0.109446,0.103444,0.097579,0.091848,0.086250,0.080783,0.075447,0.070239,0.065159,0.060205,0.055376,0.050670,0.046085,0.041620,0.037275,0.033046,0.028933,0.024933,0.021047,0.017271,0.013604,0.010045,0.006593,0.003245,0.000000
0.954902,0.939915,0.924930,0.909954,0.894994,0.880057,0.865149,0.850278,0.835448,0.820666,0.805938,0.791270,0.776666,0.762132,0.747672,0.733293,0.718997,0.704790,0.690675,0.676657,0.662741,0.648928,0.635223,0.621630,0.608152,0.594791,0.581550,0.568433,0.555442,0.542580,0.529848,0.517249,0.504786,0.492460,0.480272,0.468226,0.456321,0.444560,0.432945,0.421475,0.410153,0.398980,0.387956,0.377082,0.366359,0.355787,0.345368,0.335101,0.324987,0.315026,0.305218,0.295564,0.286064,0.276716,0.267522,0.258481,0.249593,0.240858,0.232274,0.223842,0.215562,0.207432,0.199451,0.191620,0.183938,0.176403,0.169015,0.161773,0.154676,0.147723,0.140913,0.134246,0.127719,0.121332,0.115083,0.108972,0.102997,0.097157,0.091451,0.085877,0.080435,0.075121,0.069936,0.064878,0.059946,0.055137,0.050451,0.045887,0.041441,0.037114,0.032904,0.028808,0.024826,0.020956,0.017196,0.013546,0.010002,0.006565,0.003231,0.000000
0.950071,0.935168,0.920266,0.905373,0.890496,0.875642,0.860816,0.846026,0.831278,0.816577,0.801929,0.787340,0.772815,0.758359,0.743977,0.729674,0.715455,0.701323,0.687283,0.673340,0.659496,0.645756,0.632124,0.618601,0.605193,0.591901,0.578730,0.565680,0.552756,0.539960,0.527293,0.514759,0.502359,0.490096,0.477970,0.465984,0.454140,0.442438,0.430880,0.419468,0.408203,0.397085,0.386115,0.375295,0.364625,0.354106,0.343738,0.333521,0.323456,0.313544,0.303784,0.294177,0.284722,0.275420,0.266271,0.257273,0.248428,0.239734,0.231192,0.222800,0.214559,0.206467,0.198525,0.190731,0.183085,0.175586,0.168233,0.161025,0.153961,0.147041,0.140263,0.133626,0.127130,0.120772,0.114553,0.108470,0.102523,0.096711,0.091031,0.085483,0.080065,0.074776,0.069615,0.064581,0.059671,0.054885,0.050220,0.045676,0.041251,0.036944,0.032753,0.028676,0.024712,0.020860,0.017118,0.013484,0.009956,0.006534,0.003216,0.000000
0.945001,0.930185,0.915371,0.900565,0.885774,0.871006,0.856266,0.841561,0.826897,0.812280,0.797716,0.783210,0.768767,0.754393,0.740093,0.725870,0.711731,0.697678,0.683717,0.669851,0.656084,0.642420,0.628863,0.615415,0.602080,0.588861,0.575761,0.562783,0.549929,0.537202,0.524604,0.512137,0.499804,0.487606,0.475545,0.463623,0.451841,0.440202,0.428705,0.417354,0.406147,0.395088,0.384176,0.373412,0.362798,0.352333,0.342019,0.331855,0.321842,0.311981,0.302272,0.292714,0.283308,0.274053,0.264950,0.255999,0.247198,0.238549,0.230049,0.221700,0.213501,0.205450,0.197547,0.189793,0.182185,0.174723,0.167406,0.160234,0.153206,0.146320,0.139576,0.132972,0.126508,0.120182,0.113993,0.107941,0.102023,0.096239,0.090587,0.085066,0.079675,0.074412,0.069276,0.064266,0.059380,0.054617,0.049976,0.045454,0.041051,0.036764,0.032593,0.028537,0.024592,0.020759,0.017034,0.013418,0.009908,0.006503,0.003201,0.000000
0.939693,0.924968,0.910244,0.895529,0.880828,0.866149,0.851499,0.836883,0.822307,0.807778,0.793301,0.778882,0.764525,0.750237,0.736021,0.721882,0.707826,0.693856,0.679976,0.666191,0.652505,0.638920,0.625441,0.612071,0.598813,0.585670,0.572646,0.559742,0.546961,0.534306,0.521780,0.509384,0.497120,0.484991,0.472998,0.461143,0.449427,0.437853,0.426420,0.415131,0.403987,0.392989,0.382137,0.371433,0.360877,0.350470,0.340212,0.330103,0.320145,0.310338,0.300681,0.291175,0.281819,0.272615,0.263561,0.254658,0.245904,0.237301,0.228847,0.220543,0.212387,0.204379,0.196518,0.188805,0.181237,0.173815,0.166537,0.159403,0.152411,0.145561,0.138853,0.132283,0.125853,0.119560,0.113404,0.107383,0.101496,0.095742,0.090119,0.084627,0.079264,0.074028,0.068919,0.063935,0.059074,0.054336,0.049718,0.045220,0.040839,0.036575,0.032426,0.028390,0.024466,0.020652,0.016947,0.013349,0.009857,0.006469,0.003184,0.000000
0.934148,0.919518,0.904889,0.890267,0.875660,0.861075,0.846517,0.831993,0.817509,0.803072,0.788685,0.774356,0.760089,0.745889,0.731761,0.717710,0.703741,0.689857,0.676062,0.662362,0.648759,0.635257,0.621860,0.608571,0.595393,0.582330,0.569383,0.556557,0.543853,0.531274,0.518822,0.506500,0.494309,0.482251,0.470329,0.458544,0.446897,0.435391,0.424025,0.412802,0.401723,0.390789,0.380000,0.369358,0.358863,0.348516,0.338317,0.328267,0.318366,0.308614,0.299012,0.289561,0.280258,0.271106,0.262104,0.253251,0.244547,0.235992,0.227586,0.219328,0.211218,0.203255,0.195438,0.187768,0.180242,0.172861,0.165624,0.158529,0.151577,0.144765,0.138093,0.131560,0.125165,0.118907,0.112785,0.106797,0.100942,0.095220,0.089628,0.084166,0.078832,0.073625,0.068544,0.063587,0.058753,0.054040,0.049448,0.044974,0.040617,0.036376,0.032249,0.028235,0.024333,0.020539,0.016855,0.013276,0.009803,0.006434,0.003167,0.000000
0.928368,0.913836,0.899305,0.884781,0.870271,0.855782,0.841321,0.826893,0.812505,0.798162,0.783870,0.769634,0.755460,0.741352,0.727316,0.713356,0.699477,0.685682,0.671976,0.658364,0.644848,0.631432,0.618120,0.604916,0.591821,0.578840,0.565976,0.553230,0.540605,0.528105,0.515731,0.503486,0.491370,0.479388,0.467540,0.455827,0.444252,0.432817,0.421521,0.410367,0.399356,0.388488,0.377765,0.367187,0.356756,0.346471,0.336334,0.326345,0.316503,0.306811,0.297267,0.287871,0.278625,0.269527,0.260578,0.251778,0.243126,0.234622,0.226265,0.218056,0.209994,0.202078,0.194307,0.186682,0.179201,0.171863,0.164668,0.157615,0.150703,0.143931,0.137298,0.130803,0.124445,0.118223,0.112136,0.106183,0.100362,0.094673,0.089113,0.083683,0.078380,0.073203,0.068151,0.063222,0.058416,0.053731,0.049165,0.044716,0.040385,0.036168,0.032065,0.028074,0.024193,0.020422,0.016758,0.013200,0.009747,0.006397,0.003149,0.000000
0.922354,0.907924,0.893494,0.879071,0.864662,0.850274,0.835912,0.821584,0.807294,0.793050,0.778855,0.764717,0.750639,0.736627,0.722686,0.708821,0.695035,0.681333,0.667719,0.654198,0.640772,0.627446,0.614222,0.601105,0.588098,0.575203,0.562423,0.549761,0.537219,0.524801,0.512508,0.500342,0.488306,0.476401,0.464630,0.452993,0.441493,0.430131,0.418908,0.407826,0.396885,0.386087,0.375432,0.364922,0.354557,0.344338,0.334265,0.324338,0.314559,0.304928,0.295444,0.286107,0.276919,0.267878,0.258985,0.250240,0.241642,0.233190,0.224886,0.216728,0.208715,0.200848,0.193126,0.185547,0.178112,0.170820,0.163669,0.156659,0.149789,0.143059,0.136466,0.130011,0.123692,0.117508,0.111458,0.105541,0.099756,0.094101,0.088575,0.083178,0.077907,0.072761,0.067740,0.062841,0.058064,0.053407,0.048868,0.044447,0.040141,0.035950,0.031872,0.027905,0.024048,0.020299,0.016657,0.013121,0.009689,0.006359,0.003130,0.000000
0.916108,0.901783,0.887458,0.873140,0.858835,0.844550,0.830292,0.816066,0.801879,0.787736,0.773643,0.759605,0.745628,0.731715,0.717873,0.704105,0.690416,0.676810,0.663292,0.649865,0.636533,0.623299,0.610168,0.597142,0.584224,0.571418,0.558726,0.546151,0.533695,0.521362,0.509153,0.497070,0.485116,0.473292,0.461600,0.450042,0.438620,0.427334,0.416187,0.405179,0.394312,0.383586,0.373002,0.362562,0.352266,0.342115,0.332109,0.322248,0.312534,0.302965,0.293544,0.284269,0.275141,0.266159,0.257325,0.248636,0.240094,0.231698,0.223448,0.215343,0.207383,0.199566,0.191894,0.184365,0.176977,0.169732,0.162627,0.155662,0.148837,0.142150,0.135599,0.129186,0.122907,0.116763,0.110751,0.104872,0.099124,0.093505,0.088014,0.082651,0.077414,0.072301,0.067311,0.062444,0.057697,0.053069,0.048559,0.044166,0.039888,0.035723,0.031670,0.027728,0.023896,0.020171,0.016552,0.013038,0.009627,0.006319,0.003110,0.000000
0.909632,0.895415,0.881198,0.866988,0.852791,0.838613,0.824462,0.810343,0.796261,0.782224,0.768235,0.754301,0.740427,0.726617,0.712876,0.699210,0.685621,0.672115,0.658695,0.645366,0.632131,0.618993,0.605957,0.593025,0.580200,0.567486,0.554885,0.542401,0.530034,0.517789,0.505667,0.493670,0.481801,0.470061,0.458452,0.446976,0.435634,0.424428,0.413359,0.402428,0.391636,0.380985,0.370476,0.360109,0.349884,0.339803,0.329866,0.320074,0.310427,0.300925,0.291568,0.282357,0.273291,0.264372,0.255597,0.246969,0.238485,0.230146,0.221952,0.213902,0.205996,0.198233,0.190612,0.183134,0.175796,0.168600,0.161543,0.154625,0.147846,0.141203,0.134697,0.128326,0.122090,0.115987,0.110016,0.104176,0.098465,0.092884,0.087430,0.082103,0.076900,0.071821,0.066865,0.062030,0.057315,0.052718,0.048238,0.043873,0.039623,0.035486,0.031461,0.027545,0.023737,0.020037,0.016442,0.012952,0.009564,0.006277,0.003089,0.000000
0.902927,0.888822,0.874716,0.860617,0.846531,0.832464,0.818423,0.804414,0.790442,0.776513,0.762632,0.748806,0.735038,0.721334,0.707699,0.694136,0.680651,0.667248,0.653930,0.640702,0.627567,0.614529,0.601591,0.588756,0.576028,0.563409,0.550903,0.538511,0.526237,0.514083,0.502051,0.490143,0.478362,0.466709,0.455185,0.443794,0.432535,0.421411,0.410423,0.399572,0.388860,0.378287,0.367854,0.357562,0.347411,0.337403,0.327538,0.317817,0.308239,0.298806,0.289516,0.280371,0.271371,0.262515,0.253803,0.245236,0.236813,0.228534,0.220398,0.212405,0.204555,0.196847,0.189280,0.181855,0.174569,0.167424,0.160417,0.153547,0.146815,0.140220,0.133759,0.127433,0.121241,0.115180,0.109251,0.103452,0.097781,0.092239,0.086823,0.081533,0.076367,0.071323,0.066401,0.061600,0.056917,0.052352,0.047903,0.043569,0.039349,0.035240,0.031243,0.027354,0.023573,0.019898,0.016328,0.012862,0.009497,0.006233,0.003068,0.000000
0.895994,0.882004,0.868014,0.854030,0.840058,0.826105,0.812178,0.798281,0.784422,0.770605,0.756836,0.743120,0.729462,0.715868,0.702341,0.688886,0.675508,0.662211,0.648999,0.635875,0.622843,0.609908,0.597071,0.584337,0.571708,0.559188,0.546779,0.534484,0.522305,0.510245,0.498306,0.486490,0.474800,0.463236,0.451801,0.440497,0.429325,0.418286,0.407382,0.396614,0.385983,0.375490,0.365136,0.354922,0.344848,0.334916,0.325126,0.315477,0.305972,0.296609,0.287389,0.278313,0.269380,0.260590,0.251943,0.243440,0.235080,0.226862,0.218786,0.210853,0.203061,0.195410,0.187899,0.180528,0.173297,0.166204,0.159248,0.152429,0.145747,0.139200,0.132787,0.126507,0.120359,0.114343,0.108457,0.102701,0.097072,0.091570,0.086193,0.080942,0.075813,0.070806,0.065920,0.061153,0.056505,0.051973,0.047556,0.043254,0.039064,0.034985,0.031016,0.027156,0.023402,0.019754,0.016210,0.012769,0.009429,0.006188,0.003046,0.000000
0.888835,0.874965,0.861093,0.847227,0.833373,0.819537,0.805727,0.791947,0.778203,0.764501,0.750847,0.737245,0.723701,0.710219,0.696804,0.683461,0.670193,0.657005,0.643901,0.630885,0.617960,0.605130,0.592398,0.579768,0.567242,0.554823,0.542515,0.530319,0.518238,0.506276,0.494433,0.482712,0.471115,0.459644,0.448301,0.437087,0.426003,0.415052,0.404235,0.393552,0.383006,0.372596,0.362324,0.352190,0.342196,0.332342,0.322628,0.313056,0.303624,0.294335,0.285187,0.276182,0.267318,0.258597,0.250018,0.241580,0.233285,0.225131,0.217118,0.209245,0.201514,0.193921,0.186469,0.179155,0.171979,0.164940,0.158038,0.151272,0.144640,0.138143,0.131779,0.125547,0.119447,0.113477,0.107635,0.101923,0.096337,0.090876,0.085541,0.080329,0.075239,0.070270,0.065421,0.060691,0.056078,0.051580,0.047197,0.042927,0.038769,0.034721,0.030782,0.026951,0.023225,0.019605,0.016088,0.012672,0.009357,0.006141,0.003023,0.000000
0.881453,0.867705,0.853954,0.840210,0.826477,0.812762,0.799072,0.785412,0.771787,0.758204,0.744668,0.731184,0.717756,0.704390,0.691090,0.677861,0.664707,0.651632,0.638640,0.625734,0.612919,0.600198,0.587574,0.575050,0.562630,0.550316,0.538111,0.526018,0.514038,0.502176,0.490432,0.478809,0.467309,0.455933,0.444684,0.433563,0.422572,0.411711,0.400983,0.390389,0.379929,0.369605,0.359417,0.349367,0.339455,0.329681,0.320047,0.310552,0.301198,0.291984,0.282911,0.273978,0.265187,0.256536,0.248026,0.239657,0.231429,0.223340,0.215392,0.207583,0.199913,0.192382,0.184989,0.177734,0.170615,0.163633,0.156786,0.150074,0.143496,0.137050,0.130737,0.124555,0.118503,0.112580,0.106785,0.101118,0.095576,0.090159,0.084866,0.079695,0.074646,0.069716,0.064906,0.060212,0.055636,0.051173,0.046825,0.042589,0.038463,0.034447,0.030539,0.026738,0.023043,0.019451,0.015961,0.012573,0.009284,0.006093,0.002999,0.000000
0.873849,0.860226,0.846601,0.832981,0.819372,0.805781,0.792215,0.778678,0.765176,0.751715,0.738300,0.724936,0.711628,0.698382,0.685200,0.672089,0.659051,0.646092,0.633215,0.620423,0.607721,0.595112,0.582599,0.570185,0.557873,0.545667,0.533569,0.521581,0.509706,0.497947,0.486305,0.474783,0.463382,0.452105,0.440953,0.429928,0.419031,0.408264,0.397628,0.387124,0.376754,0.366518,0.356417,0.346453,0.336625,0.326935,0.317382,0.307968,0.298693,0.289557,0.280561,0.271704,0.262986,0.254409,0.245971,0.237672,0.229512,0.221492,0.213610,0.205867,0.198261,0.190793,0.183462,0.176267,0.169208,0.162283,0.155493,0.148837,0.142313,0.135921,0.129660,0.123529,0.117528,0.111654,0.105907,0.100286,0.094790,0.089418,0.084169,0.079040,0.074033,0.069144,0.064373,0.059718,0.055179,0.050753,0.046441,0.042239,0.038148,0.034165,0.030289,0.026519,0.022854,0.019291,0.015830,0.012469,0.009208,0.006043,0.002974,0.000000
0.866025,0.852530,0.839033,0.825541,0.812060,0.798597,0.785157,0.771746,0.758370,0.745034,0.731744,0.718504,0.705320,0.692195,0.679136,0.666145,0.653227,0.640387,0.627628,0.614953,0.602367,0.589873,0.577474,0.565173,0.552974,0.540878,0.528889,0.517010,0.505243,0.493589,0.482052,0.470634,0.459335,0.448159,0.437107,0.426181,0.415381,0.404711,0.394169,0.383759,0.373481,0.363336,0.353325,0.343449,0.333708,0.324103,0.314635,0.305304,0.296111,0.287055,0.278138,0.269358,0.260717,0.252215,0.243850,0.235624,0.227536,0.219585,0.211772,0.204096,0.196557,0.189153,0.181886,0.174753,0.167755,0.160891,0.154160,0.147561,0.141093,0.134757,0.128550,0.122472,0.116521,0.110698,0.105001,0.099428,0.093980,0.088654,0.083449,0.078365,0.073400,0.068553,0.063823,0.059208,0.054708,0.050320,0.046044,0.041879,0.037822,0.033873,0.030030,0.026293,0.022658,0.019126,0.015695,0.012363,0.009129,0.005991,0.002949,0.000000
0.857983,0.844620,0.831254,0.817894,0.804544,0.791211,0.777901,0.764619,0.751372,0.738165,0.725003,0.711890,0.698832,0.685833,0.672898,0.660031,0.647237,0.634518,0.621880,0.609326,0.596859,0.584483,0.572201,0.560017,0.547932,0.535950,0.524074,0.512306,0.500649,0.489104,0.477675,0.466363,0.455170,0.444098,0.433149,0.422324,0.411624,0.401052,0.390609,0.380295,0.370111,0.360060,0.350141,0.340355,0.330704,0.321187,0.311806,0.302560,0.293451,0.284478,0.275642,0.266942,0.258380,0.249955,0.241666,0.233515,0.225500,0.217621,0.209879,0.202272,0.194801,0.187464,0.180262,0.173194,0.166259,0.159456,0.152785,0.146246,0.139836,0.133556,0.127405,0.121381,0.115484,0.109713,0.104067,0.098544,0.093144,0.087866,0.082707,0.077669,0.072748,0.067944,0.063256,0.058682,0.054222,0.049873,0.045635,0.041507,0.037486,0.033572,0.029764,0.026059,0.022457,0.018957,0.015556,0.012253,0.009048,0.005938,0.002923,0.000000
0.849725,0.836497,0.823266,0.810039,0.796823,0.783624,0.770447,0.757299,0.744184,0.731108,0.718077,0.705094,0.692166,0.679296,0.666489,0.653749,0.641081,0.628488,0.615974,0.603543,0.591199,0.578944,0.566782,0.554716,0.542749,0.530884,0.519124,0.507470,0.495926,0.484493,0.473175,0.461972,0.450887,0.439922,0.429078,0.418357,0.407761,0.397290,0.386946,0.376731,0.366645,0.356689,0.346865,0.337173,0.327613,0.318187,0.308895,0.299737,0.290714,0.281826,0.273073,0.264456,0.255975,0.247629,0.239419,0.231344,0.223404,0.215600,0.207930,0.200395,0.192993,0.185726,0.178591,0.171589,0.164718,0.157979,0.151371,0.144892,0.138543,0.132321,0.126227,0.120259,0.114417,0.108700,0.103105,0.097634,0.092284,0.087054,0.081944,0.076952,0.072077,0.067317,0.062672,0.058141,0.053722,0.049413,0.045215,0.041124,0.037141,0.033263,0.029490,0.025819,0.022250,0.018782,0.015412,0.012140,0.008965,0.005883,0.002896,0.000000
0.841254,0.828163,0.815070,0.801981,0.788902,0.775840,0.762799,0.749787,0.736807,0.723866,0.710969,0.698120,0.685324,0.672586,0.659910,0.647300,0.634761,0.622296,0.609910,0.597605,0.585386,0.573256,0.561217,0.549273,0.537427,0.525682,0.514040,0.502503,0.491075,0.479757,0.468552,0.457462,0.446488,0.435632,0.424896,0.414282,0.403791,0.393424,0.383184,0.373070,0.363084,0.353226,0.343499,0.333903,0.324437,0.315104,0.305903,0.296836,0.287901,0.279101,0.270434,0.261901,0.253503,0.245238,0.237108,0.229112,0.221250,0.213522,0.205927,0.198465,0.191135,0.183938,0.176873,0.169939,0.163135,0.156461,0.149916,0.143500,0.137212,0.131051,0.125015,0.119105,0.113320,0.107657,0.102117,0.096698,0.091399,0.086220,0.081159,0.076215,0.071386,0.066673,0.062072,0.057584,0.053208,0.048940,0.044782,0.040731,0.036785,0.032945,0.029207,0.025572,0.022038,0.018602,0.015265,0.012024,0.008879,0.005827,0.002868,0.000000
0.832570,0.819620,0.806668,0.793720,0.780781,0.767859,0.754958,0.742084,0.729243,0.716440,0.703680,0.690967,0.678307,0.665704,0.653162,0.640686,0.628279,0.615946,0.603690,0.591515,0.579424,0.567420,0.555508,0.543689,0.531967,0.520344,0.508823,0.497407,0.486098,0.474897,0.463808,0.452833,0.441972,0.431229,0.420604,0.410099,0.399717,0.389457,0.379321,0.369311,0.359427,0.349671,0.340044,0.330545,0.321177,0.311939,0.302832,0.293857,0.285013,0.276302,0.267723,0.259277,0.250964,0.242784,0.234736,0.226821,0.219038,0.211388,0.203869,0.196483,0.189227,0.182102,0.175108,0.168244,0.161508,0.154901,0.148423,0.142071,0.135846,0.129746,0.123771,0.117920,0.112192,0.106586,0.101101,0.095736,0.090491,0.085363,0.080352,0.075457,0.070677,0.066010,0.061456,0.057013,0.052679,0.048455,0.044337,0.040326,0.036420,0.032618,0.028918,0.025318,0.021819,0.018418,0.015113,0.011905,0.008791,0.005769,0.002840,0.000000
0.823677,0.810871,0.798063,0.785258,0.772463,0.759683,0.746925,0.734194,0.721494,0.708832,0.696212,0.683639,0.671118,0.658653,0.646248,0.633908,0.621637,0.609438,0.597315,0.585272,0.573313,0.561440,0.549656,0.537965,0.526370,0.514872,0.503476,0.492182,0.480995,0.469915,0.458945,0.448087,0.437343,0.426714,0.416203,0.405810,0.395538,0.385388,0.375360,0.365456,0.355678,0.346025,0.336500,0.327102,0.317833,0.308692,0.299681,0.290801,0.282051,0.273431,0.264943,0.256586,0.248360,0.240265,0.232302,0.224470,0.216768,0.209198,0.201758,0.194449,0.187269,0.180219,0.173297,0.166504,0.159839,0.153301,0.146889,0.140604,0.134443,0.128407,0.122494,0.116703,0.111035,0.105487,0.100059,0.094750,0.089558,0.084483,0.079524,0.074680,0.069949,0.065330,0.060823,0.056425,0.052137,0.047956,0.043881,0.039911,0.036045,0.032282,0.028620,0.025058,0.021594,0.018228,0.014958,0.011782,0.008700,0.005710,0.002810,0.000000
0.814576,0.801917,0.789256,0.776598,0.763950,0.751316,0.738703,0.726117,0.713562,0.701044,0.688567,0.676137,0.663757,0.651433,0.639169,0.626968,0.614835,0.602774,0.590788,0.578880,0.567055,0.555315,0.543663,0.532103,0.520637,0.509268,0.497998,0.486831,0.475767,0.464811,0.453962,0.443225,0.432600,0.422089,0.411694,0.401416,0.391257,0.381218,0.371301,0.361506,0.351835,0.342289,0.332868,0.323573,0.314405,0.305365,0.296453,0.287669,0.279014,0.270489,0.262093,0.253827,0.245690,0.237683,0.229806,0.222059,0.214442,0.206953,0.199594,0.192364,0.185261,0.178287,0.171441,0.164721,0.158127,0.151660,0.145317,0.139099,0.133005,0.127033,0.121184,0.115456,0.109848,0.104360,0.098990,0.093737,0.088602,0.083581,0.078675,0.073883,0.069202,0.064633,0.060174,0.055823,0.051581,0.047444,0.043413,0.039486,0.035661,0.031938,0.028315,0.024791,0.021364,0.018034,0.014798,0.011657,0.008607,0.005649,0.002780,0.000000
0.805270,0.792762,0.780250,0.767742,0.755243,0.742759,0.730295,0.717856,0.705449,0.693078,0.680747,0.668463,0.656228,0.644048,0.631927,0.619868,0.607877,0.595955,0.584108,0.572339,0.560651,0.549047,0.537530,0.526103,0.514770,0.503532,0.492392,0.481353,0.470417,0.459586,0.448862,0.438248,0.427745,0.417354,0.407078,0.396917,0.386874,0.376950,0.367146,0.357462,0.347901,0.338463,0.329149,0.319959,0.310895,0.301957,0.293146,0.284461,0.275904,0.267475,0.259174,0.251001,0.242956,0.235039,0.227251,0.219591,0.212058,0.204654,0.197377,0.190228,0.183205,0.176309,0.169539,0.162894,0.156374,0.149979,0.143707,0.137558,0.131532,0.125627,0.119842,0.114178,0.108632,0.103205,0.097895,0.092701,0.087622,0.082657,0.077805,0.073066,0.068438,0.063919,0.059509,0.055207,0.051011,0.046920,0.042933,0.039049,0.035267,0.031585,0.028002,0.024517,0.021128,0.017835,0.014635,0.011528,0.008512,0.005587,0.002750,0.000000
0.795762,0.783406,0.771048,0.758692,0.746346,0.734013,0.721701,0.709414,0.697157,0.684936,0.672754,0.660618,0.648531,0.636498,0.624523,0.612610,0.600762,0.588985,0.577280,0.565652,0.554103,0.542638,0.531259,0.519969,0.508770,0.497666,0.486659,0.475751,0.464945,0.454243,0.443646,0.433158,0.422778,0.412511,0.402356,0.392315,0.382391,0.372583,0.362894,0.353325,0.343876,0.334549,0.325344,0.316262,0.307304,0.298471,0.289762,0.281180,0.272722,0.264391,0.256187,0.248109,0.240158,0.232333,0.224635,0.217064,0.209619,0.202301,0.195108,0.188042,0.181100,0.174284,0.167592,0.161024,0.154579,0.148258,0.142058,0.135980,0.130023,0.124186,0.118469,0.112869,0.107388,0.102023,0.096773,0.091639,0.086619,0.081711,0.076915,0.072230,0.067654,0.063188,0.058828,0.054575,0.050427,0.046383,0.042442,0.038603,0.034864,0.031224,0.027682,0.024236,0.020887,0.017631,0.014468,0.011396,0.008415,0.005523,0.002718,0.000000
0.786053,0.773854,0.761651,0.749451,0.737260,0.725082,0.712924,0.700791,0.688688,0.676619,0.664590,0.652606,0.640670,0.628786,0.616960,0.605195,0.593495,0.581863,0.570303,0.558819,0.547413,0.536090,0.524851,0.513700,0.502639,0.491672,0.480800,0.470027,0.459353,0.448782,0.438315,0.427955,0.417703,0.407560,0.397529,0.387611,0.377808,0.368120,0.358549,0.349095,0.339761,0.330547,0.321454,0.312482,0.303633,0.294906,0.286303,0.277824,0.269469,0.261238,0.253133,0.245152,0.237296,0.229566,0.221960,0.214480,0.207125,0.199894,0.192788,0.185806,0.178947,0.172213,0.165601,0.159111,0.152744,0.146498,0.140372,0.134367,0.128481,0.122713,0.117064,0.111531,0.106115,0.100813,0.095627,0.090553,0.085592,0.080743,0.076004,0.071374,0.066853,0.062439,0.058132,0.053929,0.049830,0.045834,0.041940,0.038146,0.034451,0.030854,0.027354,0.023950,0.020639,0.017422,0.014297,0.011261,0.008315,0.005457,0.002686,0.000000
0.776146,0.764106,0.752062,0.740020,0.727987,0.715967,0.703967,0.691991,0.680044,0.668131,0.656257,0.644427,0.632644,0.620914,0.609240,0.597625,0.586075,0.574592,0.563180,0.551843,0.540583,0.529403,0.518308,0.507299,0.496379,0.485551,0.474817,0.464180,0.453642,0.443205,0.432870,0.422641,0.412518,0.402504,0.392599,0.382806,0.373126,0.363560,0.354109,0.344775,0.335558,0.326459,0.317480,0.308620,0.299882,0.291264,0.282769,0.274395,0.266144,0.258016,0.250012,0.242130,0.234372,0.226738,0.219227,0.211840,0.204576,0.197435,0.190416,0.183521,0.176747,0.170096,0.163566,0.157157,0.150868,0.144699,0.138649,0.132718,0.126904,0.121208,0.115628,0.110163,0.104813,0.099577,0.094454,0.089443,0.084543,0.079753,0.075073,0.070500,0.066034,0.061675,0.057420,0.053269,0.049220,0.045273,0.041426,0.037679,0.034029,0.030477,0.027019,0.023657,0.020387,0.017209,0.014122,0.011124,0.008214,0.005391,0.002653,0.000000
0.766044,0.754165,0.742283,0.730403,0.718530,0.706671,0.694831,0.683015,0.671227,0.659473,0.647757,0.636084,0.624458,0.612883,0.601363,0.589903,0.578505,0.567174,0.555913,0.544725,0.533613,0.522581,0.511631,0.500767,0.489991,0.479305,0.468712,0.458214,0.447813,0.437513,0.427313,0.417217,0.407227,0.397343,0.387567,0.377902,0.368347,0.358905,0.349577,0.340364,0.331267,0.322286,0.313423,0.304678,0.296052,0.287546,0.279160,0.270894,0.262750,0.254727,0.246825,0.239045,0.231387,0.223850,0.216436,0.209143,0.201972,0.194923,0.187995,0.181187,0.174501,0.167934,0.161488,0.155160,0.148952,0.142861,0.136889,0.131033,0.125294,0.119670,0.114161,0.108766,0.103484,0.098315,0.093257,0.088309,0.083472,0.078743,0.074121,0.069607,0.065198,0.060893,0.056692,0.052594,0.048597,0.044700,0.040902,0.037202,0.033599,0.030091,0.026677,0.023357,0.020129,0.016991,0.013943,0.010983,0.008110,0.005322,0.002620,0.000000
0.755750,0.744035,0.732317,0.720601,0.708892,0.697197,0.685520,0.673866,0.662240,0.650647,0.639092,0.627579,0.616112,0.604696,0.593333,0.582029,0.570787,0.559610,0.548503,0.537467,0.526506,0.515624,0.504823,0.494106,0.483476,0.472935,0.462485,0.452129,0.441869,0.431707,0.421645,0.411686,0.401829,0.392078,0.382434,0.372899,0.363473,0.354157,0.344954,0.335864,0.326889,0.318028,0.309283,0.300655,0.292145,0.283752,0.275478,0.267322,0.259286,0.251370,0.243573,0.235897,0.228340,0.220904,0.213588,0.206392,0.199316,0.192360,0.185523,0.178806,0.172208,0.165728,0.159366,0.153123,0.146996,0.140986,0.135092,0.129314,0.123650,0.118100,0.112664,0.107340,0.102127,0.097026,0.092034,0.087152,0.082378,0.077711,0.073150,0.068695,0.064344,0.060096,0.055950,0.051905,0.047960,0.044115,0.040366,0.036715,0.033159,0.029697,0.026328,0.023051,0.019865,0.016769,0.013760,0.010839,0.008004,0.005253,0.002585,0.000000
0.745264,0.733717,0.722166,0.710617,0.699075,0.687545,0.676034,0.664546,0.653085,0.641656,0.630265,0.618914,0.607609,0.596354,0.585152,0.574007,0.562923,0.551903,0.540952,0.530071,0.519264,0.508535,0.497885,0.487318,0.476836,0.466442,0.456138,0.445927,0.435810,0.425790,0.415868,0.406047,0.396328,0.386712,0.377202,0.367798,0.358503,0.349317,0.340241,0.331277,0.322425,0.313687,0.305063,0.296554,0.288160,0.279883,0.271723,0.263680,0.255754,0.247947,0.240257,0.232686,0.225233,0.217899,0.210683,0.203586,0.196607,0.189746,0.183003,0.176377,0.169869,0.163478,0.157203,0.151044,0.145001,0.139073,0.133260,0.127560,0.121973,0.116499,0.111136,0.105885,0.100743,0.095711,0.090788,0.085972,0.081262,0.076659,0.072160,0.067765,0.063473,0.059282,0.055193,0.051203,0.047311,0.043518,0.039820,0.036218,0.032710,0.029295,0.025972,0.022739,0.019596,0.016542,0.013574,0.010692,0.007895,0.005182,0.002550,0.000000
0.734592,0.723214,0.711833,0.700453,0.689080,0.677720,0.666377,0.655057,0.643763,0.632502,0.621276,0.610092,0.598951,0.587860,0.576821,0.565838,0.554915,0.544055,0.533262,0.522539,0.511889,0.501314,0.490818,0.480404,0.470073,0.459829,0.449674,0.439609,0.429638,0.419762,0.409983,0.400302,0.390723,0.381245,0.371871,0.362602,0.353440,0.344385,0.335439,0.326603,0.317877,0.309264,0.300762,0.292375,0.284101,0.275941,0.267897,0.259968,0.252155,0.244458,0.236878,0.229414,0.222067,0.214836,0.207723,0.200726,0.193845,0.187081,0.180433,0.173901,0.167485,0.161184,0.154998,0.148926,0.142968,0.137124,0.131392,0.125772,0.120264,0.114867,0.109580,0.104402,0.099332,0.094371,0.089516,0.084768,0.080125,0.075586,0.071150,0.066817,0.062585,0.058453,0.054421,0.050486,0.046650,0.042909,0.039263,0.035711,0.032253,0.028885,0.025609,0.022421,0.019322,0.016310,0.013384,0.010543,0.007785,0.005109,0.002515,0.000000
0.723734,0.712529,0.701320,0.690112,0.678912,0.667723,0.656552,0.645402,0.634279,0.623187,0.612130,0.601113,0.590140,0.579215,0.568342,0.557524,0.546764,0.536067,0.525435,0.514872,0.504381,0.493964,0.483625,0.473366,0.463189,0.453097,0.443093,0.433178,0.423355,0.413625,0.403991,0.394454,0.385016,0.375679,0.366443,0.357311,0.348284,0.339363,0.330549,0.321843,0.313246,0.304759,0.296383,0.288119,0.279966,0.271927,0.264000,0.256188,0.248489,0.240905,0.233436,0.226081,0.218842,0.211717,0.204707,0.197813,0.191033,0.184367,0.177816,0.171380,0.165057,0.158848,0.152752,0.146768,0.140897,0.135137,0.129489,0.123951,0.118523,0.113204,0.107993,0.102891,0.097895,0.093006,0.088222,0.083542,0.078966,0.074493,0.070121,0.065850,0.061680,0.057608,0.053634,0.049757,0.045975,0.042289,0.038696,0.035195,0.031787,0.028468,0.025239,0.022097,0.019043,0.016075,0.013191,0.010391,0.007672,0.005035,0.002478,0.000000
0.712694,0.701664,0.690630,0.679598,0.668572,0.657557,0.646559,0.635583,0.624633,0.613713,0.602828,0.591982,0.581179,0.570423,0.559718,0.549067,0.538474,0.527941,0.517474,0.507074,0.496744,0.486488,0.476307,0.466206,0.456185,0.446248,0.436397,0.426634,0.416962,0.407381,0.397894,0.388503,0.379209,0.370014,0.360920,0.351927,0.343038,0.334252,0.325572,0.316999,0.308533,0.300175,0.291926,0.283787,0.275758,0.267841,0.260034,0.252340,0.244758,0.237289,0.229933,0.222689,0.215559,0.208542,0.201638,0.194847,0.188169,0.181604,0.175152,0.168813,0.162585,0.156469,0.150465,0.144571,0.138788,0.133115,0.127551,0.122097,0.116750,0.111511,0.106379,0.101352,0.096432,0.091615,0.086903,0.082293,0.077786,0.073380,0.069074,0.064867,0.060758,0.056747,0.052833,0.049014,0.045289,0.041657,0.038118,0.034670,0.031312,0.028043,0.024862,0.021768,0.018759,0.015835,0.012994,0.010235,0.007558,0.004960,0.002441,0.000000
0.701475,0.690623,0.679766,0.668911,0.658062,0.647225,0.636403,0.625603,0.614828,0.604083,0.593372,0.582700,0.572069,0.561485,0.550951,0.540469,0.530045,0.519680,0.509379,0.499144,0.488979,0.478885,0.468867,0.458925,0.449063,0.439284,0.429589,0.419980,0.410460,0.401031,0.391694,0.382451,0.373304,0.364254,0.355302,0.346451,0.337701,0.329054,0.320511,0.312072,0.303738,0.295512,0.287392,0.279381,0.271478,0.263684,0.256000,0.248426,0.240963,0.233610,0.226368,0.219238,0.212219,0.205311,0.198515,0.191830,0.185256,0.178793,0.172442,0.166200,0.160070,0.154049,0.148138,0.142336,0.136642,0.131057,0.125580,0.120210,0.114946,0.109788,0.104735,0.099787,0.094942,0.090201,0.085561,0.081023,0.076585,0.072247,0.068007,0.063866,0.059821,0.055872,0.052018,0.048257,0.044590,0.041015,0.037530,0.034135,0.030829,0.027610,0.024478,0.021432,0.018470,0.015591,0.012794,0.010078,0.007441,0.004884,0.002404,0.000000
0.690079,0.679407,0.668731,0.658055,0.647386,0.636728,0.626086,0.615464,0.604867,0.594300,0.583766,0.573269,0.562814,0.552404,0.542042,0.531733,0.521480,0.511286,0.501154,0.491087,0.481088,0.471160,0.461305,0.451526,0.441825,0.432206,0.422669,0.413217,0.403852,0.394577,0.385392,0.376299,0.367301,0.358398,0.349592,0.340885,0.332277,0.323770,0.315365,0.307063,0.298864,0.290771,0.282783,0.274901,0.267126,0.259458,0.251898,0.244446,0.237103,0.229869,0.222744,0.215729,0.208823,0.202026,0.195339,0.188762,0.182294,0.175935,0.169685,0.163544,0.157512,0.151588,0.145771,0.140062,0.134460,0.128965,0.123575,0.118291,0.113111,0.108036,0.103064,0.098195,0.093428,0.088762,0.084197,0.079731,0.075364,0.071095,0.066923,0.062848,0.058867,0.054981,0.051189,0.047488,0.043879,0.040361,0.036932,0.033591,0.030338,0.027170,0.024088,0.021090,0.018175,0.015342,0.012590,0.009917,0.007323,0.004806,0.002365,0.000000
0.678509,0.668020,0.657526,0.647034,0.636547,0.626071,0.615610,0.605169,0.594753,0.584365,0.574010,0.563692,0.553414,0.543181,0.532995,0.522861,0.512782,0.502760,0.492800,0.482903,0.473073,0.463312,0.453624,0.444010,0.434473,0.425016,0.415639,0.406347,0.397140,0.388020,0.378989,0.370049,0.361202,0.352449,0.343790,0.335229,0.326765,0.318401,0.310137,0.301973,0.293912,0.285954,0.278099,0.270349,0.262703,0.255163,0.247729,0.240402,0.233181,0.226068,0.219061,0.212162,0.205371,0.198688,0.192112,0.185644,0.179283,0.173030,0.166884,0.160844,0.154912,0.149086,0.143366,0.137752,0.132242,0.126838,0.121537,0.116341,0.111247,0.106255,0.101365,0.096577,0.091888,0.087299,0.082809,0.078417,0.074122,0.069924,0.065821,0.061812,0.057898,0.054076,0.050346,0.046706,0.043157,0.039696,0.036324,0.033038,0.029838,0.026723,0.023692,0.020743,0.017876,0.015090,0.012382,0.009754,0.007202,0.004727,0.002326,0.000000
0.666769,0.656465,0.646156,0.635848,0.625546,0.615254,0.604978,0.594720,0.584487,0.574282,0.564108,0.553971,0.543874,0.533819,0.523812,0.513855,0.503952,0.494106,0.484319,0.474595,0.464936,0.455346,0.445826,0.436380,0.427009,0.417715,0.408502,0.399371,0.390324,0.381362,0.372488,0.363703,0.355009,0.346407,0.337899,0.329486,0.321168,0.312948,0.304827,0.296805,0.288882,0.281061,0.273342,0.265725,0.258212,0.250801,0.243496,0.236294,0.229198,0.222206,0.215320,0.208540,0.201865,0.195296,0.188833,0.182476,0.176224,0.170078,0.164038,0.158102,0.152271,0.146545,0.140923,0.135404,0.129989,0.124677,0.119467,0.114359,0.109352,0.104446,0.099639,0.094932,0.090324,0.085813,0.081400,0.077083,0.072861,0.068734,0.064701,0.060761,0.056913,0.053156,0.049489,0.045912,0.042423,0.039021,0.035706,0.032476,0.029331,0.026269,0.023289,0.020390,0.017572,0.014833,0.012172,0.009588,0.007080,0.004646,0.002287,0.000000
0.654861,0.644744,0.634623,0.624502,0.614387,0.604282,0.594192,0.584121,0.574073,0.564052,0.554063,0.544109,0.534194,0.524321,0.514495,0.504718,0.494993,0.485324,0.475713,0.466164,0.456680,0.447262,0.437913,0.428636,0.419433,0.410307,0.401259,0.392292,0.383406,0.374605,0.365890,0.357262,0.348724,0.340276,0.331919,0.323656,0.315487,0.307414,0.299437,0.291558,0.283777,0.276095,0.268513,0.261032,0.253652,0.246374,0.239197,0.232124,0.225153,0.218286,0.211522,0.204862,0.198306,0.191854,0.185505,0.179260,0.173119,0.167082,0.161148,0.155317,0.149590,0.143964,0.138442,0.133021,0.127701,0.122483,0.117365,0.112347,0.107428,0.102609,0.097887,0.093263,0.088736,0.084304,0.079969,0.075728,0.071580,0.067526,0.063564,0.059693,0.055913,0.052222,0.048620,0.045105,0.041678,0.038336,0.035079,0.031906,0.028816,0.025807,0.022880,0.020032,0.017263,0.014572,0.011958,0.009419,0.006955,0.004565,0.002247,0.000000
0.642788,0.632861,0.622929,0.612999,0.603073,0.593157,0.583256,0.573373,0.563512,0.553679,0.543876,0.534108,0.524378,0.514689,0.505046,0.495450,0.485907,0.476417,0.466986,0.457614,0.448305,0.439062,0.429887,0.420782,0.411750,0.402792,0.393912,0.385110,0.376389,0.367751,0.359197,0.350728,0.342347,0.334055,0.325853,0.317742,0.309724,0.301799,0.293969,0.286235,0.278597,0.271056,0.263614,0.256270,0.249025,0.241881,0.234836,0.227892,0.221050,0.214308,0.207668,0.201130,0.194694,0.188360,0.182127,0.175997,0.169968,0.164041,0.158215,0.152491,0.146868,0.141346,0.135924,0.130602,0.125379,0.120256,0.115231,0.110305,0.105476,0.100744,0.096108,0.091568,0.087123,0.082773,0.078516,0.074352,0.070280,0.066300,0.062409,0.058609,0.054897,0.051274,0.047737,0.044286,0.040921,0.037640,0.034442,0.031327,0.028293,0.025339,0.022465,0.019669,0.016950,0.014308,0.011741,0.009248,0.006829,0.004482,0.002206,0.000000
0.630553,0.620818,0.611079,0.601340,0.591606,0.581882,0.572171,0.562479,0.552809,0.543165,0.533551,0.523971,0.514428,0.504925,0.495467,0.486056,0.476696,0.467389,0.458138,0.448946,0.439815,0.430749,0.421750,0.412819,0.403959,0.395173,0.386462,0.377829,0.369274,0.360801,0.352410,0.344103,0.335882,0.327747,0.319701,0.311745,0.303879,0.296105,0.288424,0.280836,0.273344,0.265946,0.258645,0.251440,0.244333,0.237324,0.230413,0.223601,0.216887,0.210274,0.203759,0.197345,0.191030,0.184816,0.178701,0.172686,0.166771,0.160956,0.155241,0.149625,0.144108,0.138689,0.133369,0.128148,0.123024,0.117997,0.113067,0.108233,0.103495,0.098852,0.094304,0.089849,0.085488,0.081219,0.077042,0.072957,0.068961,0.065055,0.061238,0.057509,0.053867,0.050312,0.046841,0.043455,0.040153,0.036934,0.033796,0.030739,0.027762,0.024864,0.022043,0.019300,0.016632,0.014040,0.011521,0.009075,0.006701,0.004398,0.002165,0.000000
0.618159,0.608619,0.599074,0.589529,0.579989,0.570459,0.560942,0.551443,0.541965,0.532513,0.523090,0.513700,0.504346,0.495033,0.485762,0.476538,0.467363,0.458240,0.449172,0.440162,0.431212,0.422325,0.413503,0.404749,0.396065,0.387452,0.378913,0.370449,0.362064,0.353757,0.345531,0.337388,0.329328,0.321354,0.313466,0.305666,0.297955,0.290333,0.282803,0.275364,0.268018,0.260766,0.253608,0.246544,0.239576,0.232704,0.225929,0.219250,0.212668,0.206183,0.199796,0.193507,0.187316,0.181223,0.175227,0.169330,0.163531,0.157829,0.152225,0.146718,0.141308,0.135996,0.130780,0.125659,0.120635,0.115706,0.110872,0.106132,0.101486,0.096934,0.092474,0.088106,0.083829,0.079644,0.075548,0.071541,0.067624,0.063794,0.060051,0.056394,0.052823,0.049336,0.045933,0.042613,0.039375,0.036218,0.033141,0.030143,0.027224,0.024382,0.021616,0.018926,0.016310,0.013767,0.011298,0.008899,0.006571,0.004313,0.002123,0.000000
0.605610,0.596266,0.586918,0.577570,0.568226,0.558892,0.549570,0.540266,0.530983,0.521725,0.512495,0.503298,0.494136,0.485013,0.475932,0.466897,0.457909,0.448973,0.440091,0.431265,0.422498,0.413792,0.405150,0.396575,0.388067,0.379630,0.371265,0.362974,0.354758,0.346621,0.338562,0.330584,0.322689,0.314876,0.307149,0.299507,0.291952,0.284485,0.277108,0.269820,0.262623,0.255517,0.248504,0.241583,0.234756,0.228023,0.221385,0.214841,0.208392,0.202038,0.195780,0.189618,0.183552,0.177582,0.171707,0.165929,0.160246,0.154659,0.149168,0.143772,0.138472,0.133266,0.128155,0.123138,0.118214,0.113385,0.108648,0.104003,0.099451,0.094990,0.090619,0.086339,0.082148,0.078047,0.074033,0.070107,0.066268,0.062515,0.058847,0.055264,0.051764,0.048347,0.045013,0.041759,0.038586,0.035492,0.032477,0.029539,0.026678,0.023893,0.021183,0.018546,0.015983,0.013492,0.011071,0.008721,0.006439,0.004226,0.002080,0.000000
0.592908,0.583763,0.574613,0.565464,0.556319,0.547183,0.538059,0.528952,0.519866,0.510804,0.501770,0.492767,0.483799,0.474869,0.465981,0.457136,0.448338,0.439591,0.430896,0.422256,0.413674,0.405152,0.396692,0.388297,0.379969,0.371709,0.363520,0.355404,0.347361,0.339394,0.331505,0.323695,0.315965,0.308316,0.300751,0.293269,0.285873,0.278563,0.271339,0.264204,0.257158,0.250201,0.243334,0.236559,0.229874,0.223282,0.216782,0.210375,0.204061,0.197840,0.191712,0.185679,0.179739,0.173893,0.168141,0.162483,0.156919,0.151449,0.146072,0.140788,0.135598,0.130500,0.125496,0.120583,0.115762,0.111033,0.106394,0.101846,0.097388,0.093020,0.088740,0.084549,0.080445,0.076429,0.072499,0.068654,0.064895,0.061219,0.057628,0.054118,0.050691,0.047345,0.044080,0.040894,0.037786,0.034757,0.031804,0.028927,0.026126,0.023398,0.020744,0.018162,0.015652,0.013212,0.010842,0.008540,0.006306,0.004139,0.002037,0.000000
0.580057,0.571113,0.562164,0.553216,0.544271,0.535335,0.526411,0.517504,0.508617,0.499753,0.490917,0.482111,0.473339,0.464604,0.455910,0.447258,0.438653,0.430096,0.421590,0.413139,0.404744,0.396407,0.388132,0.379920,0.371772,0.363692,0.355681,0.347741,0.339873,0.332080,0.324362,0.316721,0.309159,0.301676,0.294274,0.286955,0.279719,0.272567,0.265500,0.258519,0.251625,0.244819,0.238101,0.231472,0.224932,0.218482,0.212122,0.205853,0.199675,0.193589,0.187594,0.181690,0.175878,0.170158,0.164531,0.158994,0.153550,0.148197,0.142936,0.137767,0.132688,0.127700,0.122803,0.117996,0.113279,0.108651,0.104112,0.099662,0.095300,0.091025,0.086837,0.082736,0.078721,0.074790,0.070944,0.067182,0.063504,0.059907,0.056392,0.052959,0.049605,0.046331,0.043135,0.040018,0.036977,0.034012,0.031122,0.028307,0.025566,0.022897,0.020300,0.017773,0.015317,0.012929,0.010610,0.008357,0.006171,0.004050,0.001993,0.000000
0.567060,0.558319,0.549573,0.540827,0.532086,0.523352,0.514630,0.505925,0.497238,0.488575,0.479938,0.471331,0.462758,0.454220,0.445722,0.437265,0.428854,0.420490,0.412176,0.403915,0.395709,0.387560,0.379471,0.371444,0.363480,0.355581,0.347750,0.339988,0.332297,0.324678,0.317134,0.309664,0.302271,0.294957,0.287721,0.280565,0.273491,0.266499,0.259591,0.252766,0.246027,0.239372,0.232805,0.226323,0.219930,0.213624,0.207406,0.201277,0.195237,0.189286,0.183425,0.177653,0.171971,0.166379,0.160876,0.155463,0.150140,0.144907,0.139763,0.134708,0.129743,0.124866,0.120077,0.115377,0.110765,0.106240,0.101802,0.097451,0.093186,0.089006,0.084911,0.080901,0.076975,0.073132,0.069371,0.065693,0.062096,0.058579,0.055142,0.051785,0.048505,0.045304,0.042179,0.039131,0.036157,0.033258,0.030433,0.027680,0.024999,0.022389,0.019850,0.017379,0.014977,0.012643,0.010374,0.008172,0.006034,0.003960,0.001949,0.000000
0.553920,0.545384,0.536843,0.528302,0.519765,0.511236,0.502719,0.494216,0.485733,0.477272,0.468838,0.460432,0.452058,0.443720,0.435420,0.427160,0.418945,0.410776,0.402656,0.394587,0.386572,0.378613,0.370712,0.362871,0.355092,0.347378,0.339728,0.332147,0.324634,0.317192,0.309823,0.302527,0.295305,0.288160,0.281092,0.274102,0.267192,0.260362,0.253613,0.246947,0.240363,0.233863,0.227447,0.221115,0.214869,0.208709,0.202635,0.196648,0.190747,0.184934,0.179208,0.173569,0.168018,0.162554,0.157179,0.151891,0.146690,0.141577,0.136552,0.131614,0.126762,0.121998,0.117320,0.112728,0.108222,0.103801,0.099465,0.095214,0.091047,0.086963,0.082962,0.079044,0.075208,0.071454,0.067779,0.064185,0.060671,0.057235,0.053877,0.050597,0.047393,0.044265,0.041212,0.038233,0.035328,0.032495,0.029735,0.027045,0.024426,0.021876,0.019394,0.016981,0.014634,0.012353,0.010137,0.007985,0.005896,0.003869,0.001904,0.000000
0.540641,0.532311,0.523978,0.515644,0.507313,0.498991,0.490679,0.482383,0.474105,0.465848,0.457617,0.449414,0.441243,0.433106,0.425006,0.416946,0.408929,0.400957,0.393032,0.385158,0.377336,0.369568,0.361857,0.354205,0.346613,0.339084,0.331619,0.324219,0.316887,0.309624,0.302431,0.295310,0.288262,0.281288,0.274389,0.267567,0.260823,0.254156,0.247569,0.241062,0.234636,0.228291,0.222029,0.215849,0.209752,0.203739,0.197811,0.191966,0.186207,0.180532,0.174943,0.169438,0.164020,0.158687,0.153440,0.148278,0.143201,0.138210,0.133305,0.128484,0.123748,0.119097,0.114531,0.110048,0.105649,0.101334,0.097101,0.092951,0.088883,0.084897,0.080991,0.077166,0.073422,0.069756,0.066169,0.062661,0.059230,0.055876,0.052598,0.049395,0.046267,0.043213,0.040233,0.037325,0.034489,0.031724,0.029029,0.026403,0.023846,0.021356,0.018934,0.016577,0.014286,0.012059,0.009896,0.007795,0.005756,0.003778,0.001859,0.000000
0.527225,0.519105,0.510980,0.502855,0.494733,0.486619,0.478515,0.470426,0.462355,0.454306,0.446280,0.438282,0.430315,0.422381,0.414483,0.406625,0.398807,0.391034,0.383307,0.375629,0.368002,0.360428,0.352909,0.345447,0.338044,0.330702,0.323422,0.316207,0.309057,0.301974,0.294960,0.288016,0.281143,0.274342,0.267615,0.260962,0.254385,0.247884,0.241460,0.235114,0.228847,0.222660,0.216552,0.210526,0.204580,0.198716,0.192934,0.187234,0.181617,0.176082,0.170631,0.165263,0.159978,0.154777,0.149659,0.144625,0.139674,0.134806,0.130022,0.125320,0.120701,0.116165,0.111711,0.107339,0.103049,0.098839,0.094711,0.090663,0.086696,0.082807,0.078998,0.075268,0.071615,0.068040,0.064541,0.061119,0.057773,0.054501,0.051304,0.048180,0.045129,0.042151,0.039243,0.036407,0.033641,0.030943,0.028315,0.025754,0.023259,0.020831,0.018468,0.016170,0.013935,0.011763,0.009653,0.007603,0.005614,0.003685,0.001814,0.000000
0.513677,0.505768,0.497854,0.489939,0.482028,0.474124,0.466230,0.458351,0.450489,0.442647,0.434829,0.427038,0.419277,0.411548,0.403854,0.396199,0.388583,0.381011,0.373483,0.366003,0.358573,0.351194,0.343869,0.336599,0.329387,0.322234,0.315142,0.308113,0.301147,0.294246,0.287413,0.280647,0.273951,0.267325,0.260770,0.254288,0.247880,0.241546,0.235287,0.229104,0.222998,0.216969,0.211019,0.205146,0.199353,0.193639,0.188005,0.182452,0.176978,0.171586,0.166274,0.161044,0.155894,0.150826,0.145839,0.140934,0.136109,0.131366,0.126704,0.122123,0.117622,0.113202,0.108861,0.104601,0.100420,0.096319,0.092296,0.088351,0.084485,0.080696,0.076984,0.073349,0.069789,0.066305,0.062896,0.059561,0.056300,0.053112,0.049996,0.046952,0.043979,0.041076,0.038243,0.035479,0.032783,0.030155,0.027593,0.025097,0.022667,0.020300,0.017998,0.015758,0.013580,0.011463,0.009407,0.007410,0.005471,0.003591,0.001767,0.000000
0.500000,0.492303,0.484601,0.476899,0.469200,0.461508,0.453827,0.446159,0.438507,0.430876,0.423268,0.415685,0.408132,0.400610,0.393122,0.385671,0.378259,0.370889,0.363563,0.356283,0.349051,0.341870,0.334740,0.327665,0.320645,0.313683,0.306780,0.299938,0.293158,0.286442,0.279790,0.273205,0.266687,0.260237,0.253857,0.247548,0.241310,0.235145,0.229052,0.223034,0.217090,0.211222,0.205429,0.199713,0.194074,0.188512,0.183028,0.177621,0.172293,0.167044,0.161873,0.156782,0.151769,0.146835,0.141981,0.137205,0.132509,0.127891,0.123352,0.118892,0.114511,0.110208,0.105983,0.101835,0.097765,0.093772,0.089856,0.086016,0.082252,0.078563,0.074949,0.071410,0.067945,0.064553,0.061234,0.057987,0.054812,0.051708,0.048675,0.045711,0.042817,0.039991,0.037233,0.034542,0.031917,0.029358,0.026864,0.024434,0.022068,0.019764,0.017522,0.015342,0.013221,0.011160,0.009158,0.007214,0.005327,0.003496,0.001721,0.000000
0.486197,0.478714,0.471227,0.463739,0.456254,0.448776,0.441308,0.433853,0.426414,0.418995,0.411598,0.404226,0.396882,0.389569,0.382289,0.375045,0.367838,0.360673,0.353550,0.346471,0.339440,0.332457,0.325525,0.318645,0.311820,0.305050,0.298338,0.291685,0.285093,0.278562,0.272094,0.265691,0.259353,0.253081,0.246878,0.240743,0.234677,0.228681,0.222757,0.216905,0.211125,0.205418,0.199786,0.194227,0.188743,0.183334,0.178001,0.172744,0.167562,0.162458,0.157429,0.152478,0.147603,0.142805,0.138084,0.133440,0.128872,0.124382,0.119968,0.115631,0.111369,0.107184,0.103075,0.099042,0.095083,0.091200,0.087391,0.083657,0.079996,0.076409,0.072894,0.069452,0.066082,0.062783,0.059555,0.056398,0.053310,0.050291,0.047341,0.044458,0.041643,0.038895,0.036212,0.033595,0.031042,0.028554,0.026128,0.023765,0.021463,0.019222,0.017042,0.014921,0.012859,0.010854,0.008907,0.007016,0.005181,0.003400,0.001673,0.000000
0.472271,0.465004,0.457733,0.450461,0.443193,0.435930,0.428677,0.421437,0.414213,0.407007,0.399823,0.392664,0.385531,0.378428,0.371358,0.364322,0.357323,0.350363,0.343445,0.336570,0.329740,0.322958,0.316225,0.309543,0.302914,0.296338,0.289819,0.283357,0.276953,0.270610,0.264327,0.258108,0.251951,0.245860,0.239833,0.233874,0.227982,0.222158,0.216404,0.210719,0.205104,0.199561,0.194089,0.188689,0.183362,0.178108,0.172927,0.167820,0.162787,0.157828,0.152943,0.148133,0.143397,0.138736,0.134150,0.129639,0.125202,0.120839,0.116551,0.112338,0.108198,0.104132,0.100140,0.096222,0.092376,0.088604,0.084904,0.081275,0.077719,0.074234,0.070819,0.067475,0.064201,0.060996,0.057860,0.054793,0.051793,0.048860,0.045994,0.043193,0.040458,0.037788,0.035182,0.032639,0.030159,0.027741,0.025385,0.023089,0.020853,0.018676,0.016557,0.014497,0.012493,0.010546,0.008654,0.006817,0.005033,0.003303,0.001626,0.000000
0.458227,0.451177,0.444124,0.437070,0.430019,0.422974,0.415938,0.408914,0.401906,0.394916,0.387946,0.381001,0.374081,0.367191,0.360331,0.353506,0.346715,0.339963,0.333251,0.326582,0.319956,0.313376,0.306843,0.300361,0.293929,0.287549,0.281224,0.274954,0.268742,0.262587,0.256492,0.250457,0.244484,0.238573,0.232726,0.226944,0.221227,0.215577,0.209993,0.204477,0.199029,0.193651,0.188341,0.183102,0.177933,0.172835,0.167808,0.162852,0.157968,0.153156,0.148417,0.143749,0.139154,0.134631,0.130181,0.125803,0.121498,0.117264,0.113103,0.109015,0.104998,0.101052,0.097179,0.093376,0.089645,0.085984,0.082393,0.078872,0.075421,0.072039,0.068726,0.065480,0.062303,0.059193,0.056150,0.053173,0.050262,0.047416,0.044634,0.041917,0.039263,0.036671,0.034142,0.031675,0.029268,0.026921,0.024634,0.022406,0.020236,0.018124,0.016068,0.014068,0.012124,0.010234,0.008398,0.006615,0.004885,0.003206,0.001578,0.000000
0.444067,0.437237,0.430403,0.423568,0.416736,0.409910,0.403093,0.396287,0.389497,0.382724,0.375971,0.369241,0.362536,0.355859,0.349213,0.342598,0.336019,0.329476,0.322972,0.316509,0.310088,0.303712,0.297382,0.291100,0.284867,0.278686,0.272556,0.266480,0.260460,0.254496,0.248589,0.242740,0.236952,0.231224,0.225558,0.219954,0.214414,0.208938,0.203527,0.198181,0.192902,0.187689,0.182544,0.177466,0.172457,0.167516,0.162644,0.157841,0.153108,0.148444,0.143851,0.139327,0.134873,0.130490,0.126177,0.121934,0.117761,0.113658,0.109625,0.105662,0.101769,0.097945,0.094191,0.090505,0.086889,0.083340,0.079860,0.076448,0.073103,0.069825,0.066613,0.063468,0.060388,0.057374,0.054424,0.051539,0.048717,0.045959,0.043263,0.040629,0.038056,0.035545,0.033093,0.030701,0.028369,0.026094,0.023878,0.021718,0.019615,0.017567,0.015574,0.013636,0.011751,0.009920,0.008140,0.006412,0.004735,0.003107,0.001529,0.000000
0.429795,0.423186,0.416573,0.409959,0.403348,0.396742,0.390145,0.383560,0.376988,0.370434,0.363899,0.357386,0.350898,0.344437,0.338004,0.331603,0.325236,0.318904,0.312610,0.306355,0.300141,0.293970,0.287844,0.281764,0.275732,0.269750,0.263817,0.257937,0.252110,0.246338,0.240621,0.234961,0.229358,0.223815,0.218331,0.212907,0.207545,0.202245,0.197007,0.191833,0.186724,0.181678,0.176698,0.171783,0.166935,0.162152,0.157437,0.152788,0.148207,0.143693,0.139246,0.134868,0.130557,0.126314,0.122139,0.118032,0.113993,0.110022,0.106118,0.102282,0.098513,0.094812,0.091178,0.087610,0.084110,0.080675,0.077306,0.074003,0.070765,0.067592,0.064483,0.061438,0.058457,0.055539,0.052684,0.049891,0.047160,0.044489,0.041880,0.039330,0.036840,0.034408,0.032035,0.029720,0.027462,0.025260,0.023114,0.021024,0.018988,0.017005,0.015076,0.013200,0.011376,0.009602,0.007880,0.006207,0.004583,0.003008,0.001480,0.000000
0.415415,0.409028,0.402638,0.396247,0.389858,0.383474,0.377099,0.370735,0.364384,0.358050,0.351735,0.345441,0.339170,0.332926,0.326709,0.320523,0.314370,0.308250,0.302167,0.296122,0.290116,0.284153,0.278232,0.272356,0.266526,0.260743,0.255010,0.249327,0.243695,0.238116,0.232590,0.227120,0.221705,0.216347,0.211046,0.205804,0.200621,0.195498,0.190436,0.185435,0.180496,0.175619,0.170805,0.166055,0.161368,0.156746,0.152188,0.147694,0.143266,0.138903,0.134605,0.130372,0.126205,0.122104,0.118069,0.114099,0.110194,0.106356,0.102582,0.098874,0.095231,0.091654,0.088140,0.084692,0.081308,0.077988,0.074731,0.071538,0.068408,0.065341,0.062336,0.059392,0.056511,0.053690,0.050930,0.048230,0.045589,0.043008,0.040485,0.038020,0.035613,0.033263,0.030969,0.028730,0.026547,0.024419,0.022345,0.020324,0.018355,0.016439,0.014575,0.012761,0.010997,0.009283,0.007617,0.006000,0.004431,0.002908,0.001431,0.000000
0.400931,0.394768,0.388601,0.382434,0.376269,0.370109,0.363957,0.357816,0.351687,0.345575,0.339480,0.333407,0.327355,0.321329,0.315331,0.309361,0.303422,0.297517,0.291646,0.285812,0.280017,0.274261,0.268547,0.262876,0.257250,0.251669,0.246136,0.240651,0.235216,0.229831,0.224499,0.219219,0.213993,0.208822,0.203706,0.198647,0.193645,0.188700,0.183814,0.178988,0.174221,0.169514,0.164868,0.160283,0.155759,0.151298,0.146898,0.142562,0.138287,0.134076,0.129928,0.125842,0.121820,0.117862,0.113967,0.110135,0.106366,0.102661,0.099019,0.095440,0.091924,0.088470,0.085079,0.081751,0.078484,0.075279,0.072136,0.069054,0.066033,0.063072,0.060171,0.057330,0.054549,0.051826,0.049162,0.046555,0.044007,0.041515,0.039080,0.036700,0.034377,0.032108,0.029894,0.027733,0.025626,0.023571,0.021569,0.019618,0.017718,0.015869,0.014069,0.012318,0.010615,0.008961,0.007353,0.005792,0.004277,0.002807,0.001381,0.000000
0.386345,0.380408,0.374466,0.368525,0.362585,0.356650,0.350723,0.344805,0.338901,0.333012,0.327140,0.321287,0.315457,0.309651,0.303871,0.298119,0.292397,0.286707,0.281050,0.275429,0.269845,0.264299,0.258793,0.253329,0.247907,0.242530,0.237198,0.231913,0.226676,0.221487,0.216349,0.211261,0.206225,0.201242,0.196313,0.191437,0.186617,0.181853,0.177144,0.172493,0.167900,0.163364,0.158887,0.154468,0.150109,0.145810,0.141570,0.137391,0.133272,0.129213,0.125216,0.121279,0.117403,0.113588,0.109834,0.106142,0.102510,0.098939,0.095429,0.091980,0.088591,0.085263,0.081995,0.078788,0.075639,0.072551,0.069522,0.066551,0.063640,0.060786,0.057991,0.055253,0.052572,0.049948,0.047380,0.044868,0.042412,0.040011,0.037664,0.035371,0.033131,0.030945,0.028811,0.026728,0.024698,0.022717,0.020788,0.018907,0.017076,0.015294,0.013559,0.011871,0.010231,0.008636,0.007087,0.005582,0.004122,0.002705,0.001331,0.000000
0.371662,0.365952,0.360237,0.354522,0.348809,0.343100,0.337399,0.331708,0.326028,0.320363,0.314715,0.309086,0.303478,0.297893,0.292333,0.286800,0.281296,0.275823,0.270382,0.264975,0.259603,0.254268,0.248972,0.243716,0.238500,0.233328,0.228199,0.223115,0.218077,0.213085,0.208142,0.203248,0.198404,0.193610,0.188868,0.184178,0.179541,0.174957,0.170428,0.165953,0.161534,0.157171,0.152863,0.148613,0.144419,0.140283,0.136204,0.132184,0.128221,0.124317,0.120471,0.116683,0.112954,0.109284,0.105673,0.102120,0.098626,0.095191,0.091814,0.088496,0.085235,0.082033,0.078889,0.075803,0.072774,0.069803,0.066888,0.064031,0.061229,0.058484,0.055794,0.053160,0.050581,0.048056,0.045586,0.043169,0.040806,0.038495,0.036237,0.034031,0.031877,0.029773,0.027720,0.025716,0.023762,0.021857,0.020001,0.018192,0.016430,0.014715,0.013046,0.011422,0.009843,0.008309,0.006818,0.005371,0.003966,0.002603,0.001281,0.000000
0.356886,0.351403,0.345917,0.340430,0.334945,0.329464,0.323990,0.318526,0.313073,0.307634,0.302211,0.296806,0.291422,0.286059,0.280721,0.275408,0.270124,0.264868,0.259644,0.254452,0.249294,0.244172,0.239086,0.234039,0.229032,0.224065,0.219140,0.214258,0.209420,0.204628,0.199881,0.195182,0.190530,0.185927,0.181373,0.176870,0.172417,0.168015,0.163666,0.159370,0.155126,0.150936,0.146800,0.142718,0.138691,0.134719,0.130803,0.126941,0.123136,0.119387,0.115693,0.112056,0.108476,0.104951,0.101483,0.098071,0.094716,0.091417,0.088174,0.084987,0.081857,0.078782,0.075762,0.072798,0.069890,0.067036,0.064237,0.061493,0.058803,0.056166,0.053583,0.051053,0.048576,0.046152,0.043779,0.041459,0.039189,0.036970,0.034802,0.032683,0.030614,0.028593,0.026621,0.024697,0.022821,0.020991,0.019208,0.017471,0.015779,0.014132,0.012529,0.010969,0.009453,0.007980,0.006548,0.005158,0.003809,0.002500,0.001230,0.000000
0.342020,0.336766,0.331509,0.326252,0.320996,0.315744,0.310499,0.305263,0.300037,0.294826,0.289629,0.284450,0.279290,0.274152,0.269036,0.263946,0.258881,0.253845,0.248839,0.243863,0.238921,0.234012,0.229139,0.224302,0.219503,0.214744,0.210024,0.205346,0.200710,0.196117,0.191568,0.187064,0.182606,0.178195,0.173831,0.169515,0.165248,0.161030,0.156862,0.152744,0.148677,0.144661,0.140697,0.136786,0.132926,0.129120,0.125366,0.121665,0.118019,0.114425,0.110885,0.107400,0.103968,0.100590,0.097266,0.093996,0.090781,0.087619,0.084511,0.081456,0.078456,0.075509,0.072615,0.069774,0.066987,0.064252,0.061569,0.058939,0.056360,0.053833,0.051358,0.048933,0.046559,0.044235,0.041961,0.039737,0.037561,0.035435,0.033356,0.031326,0.029342,0.027406,0.025516,0.023672,0.021873,0.020120,0.018410,0.016745,0.015124,0.013545,0.012008,0.010514,0.009061,0.007648,0.006276,0.004944,0.003651,0.002396,0.001179,0.000000
0.327068,0.322045,0.317018,0.311991,0.306965,0.301944,0.296929,0.291922,0.286926,0.281942,0.276974,0.272021,0.267088,0.262174,0.257283,0.252415,0.247573,0.242757,0.237970,0.233212,0.228486,0.223792,0.219132,0.214507,0.209918,0.205367,0.200854,0.196380,0.191947,0.187555,0.183205,0.178898,0.174635,0.170417,0.166243,0.162116,0.158035,0.154002,0.150016,0.146078,0.142189,0.138349,0.134558,0.130817,0.127126,0.123486,0.119896,0.116357,0.112870,0.109433,0.106048,0.102714,0.099432,0.096202,0.093023,0.089896,0.086821,0.083797,0.080825,0.077904,0.075034,0.072216,0.069448,0.066731,0.064065,0.061450,0.058884,0.056368,0.053902,0.051486,0.049118,0.046799,0.044529,0.042306,0.040132,0.038004,0.035924,0.033890,0.031902,0.029960,0.028063,0.026211,0.024403,0.022640,0.020920,0.019242,0.017608,0.016015,0.014464,0.012954,0.011485,0.010056,0.008666,0.007315,0.006003,0.004728,0.003491,0.002291,0.001128,0.000000
0.312033,0.307242,0.302447,0.297651,0.292857,0.288067,0.283283,0.278507,0.273741,0.268987,0.264247,0.259523,0.254817,0.250130,0.245463,0.240820,0.236200,0.231606,0.227039,0.222501,0.217992,0.213514,0.209069,0.204656,0.200279,0.195937,0.191631,0.187363,0.183134,0.178944,0.174794,0.170685,0.166618,0.162594,0.158612,0.154675,0.150781,0.146933,0.143130,0.139373,0.135663,0.131999,0.128383,0.124814,0.121292,0.117819,0.114394,0.111018,0.107691,0.104412,0.101182,0.098002,0.094871,0.091789,0.088756,0.085772,0.082838,0.079953,0.077117,0.074330,0.071592,0.068903,0.066263,0.063671,0.061127,0.058631,0.056183,0.053783,0.051430,0.049124,0.046865,0.044653,0.042487,0.040366,0.038291,0.036261,0.034276,0.032336,0.030439,0.028586,0.026776,0.025009,0.023284,0.021602,0.019960,0.018360,0.016800,0.015281,0.013801,0.012360,0.010958,0.009594,0.008268,0.006980,0.005727,0.004511,0.003331,0.002186,0.001076,0.000000
0.296920,0.292361,0.287799,0.283237,0.278675,0.274118,0.269566,0.265022,0.260487,0.255964,0.251454,0.246959,0.242481,0.238021,0.233581,0.229163,0.224767,0.220396,0.216050,0.211732,0.207442,0.203181,0.198951,0.194753,0.190587,0.186455,0.182359,0.178297,0.174273,0.170286,0.166337,0.162427,0.158557,0.154728,0.150939,0.147192,0.143488,0.139826,0.136207,0.132632,0.129101,0.125615,0.122174,0.118777,0.115427,0.112122,0.108863,0.105650,0.102483,0.099363,0.096290,0.093263,0.090284,0.087351,0.084465,0.081625,0.078833,0.076088,0.073389,0.070737,0.068131,0.065572,0.063059,0.060593,0.058172,0.055797,0.053467,0.051183,0.048944,0.046750,0.044600,0.042495,0.040433,0.038415,0.036440,0.034509,0.032620,0.030773,0.028968,0.027204,0.025482,0.023800,0.022159,0.020558,0.018996,0.017473,0.015988,0.014542,0.013134,0.011763,0.010429,0.009131,0.007869,0.006642,0.005451,0.004293,0.003170,0.002081,0.001024,0.000000
0.281733,0.277407,0.273079,0.268750,0.264423,0.260099,0.255780,0.251469,0.247167,0.242875,0.238596,0.234332,0.230083,0.225851,0.221639,0.217447,0.213276,0.209129,0.205006,0.200909,0.196838,0.192795,0.188782,0.184798,0.180846,0.176926,0.173039,0.169185,0.165367,0.161584,0.157837,0.154127,0.150455,0.146822,0.143227,0.139672,0.136157,0.132682,0.129248,0.125856,0.122506,0.119198,0.115932,0.112710,0.109530,0.106394,0.103302,0.100253,0.097249,0.094288,0.091372,0.088500,0.085672,0.082889,0.080151,0.077457,0.074807,0.072202,0.069641,0.067124,0.064652,0.062224,0.059839,0.057499,0.055201,0.052948,0.050737,0.048570,0.046445,0.044363,0.042323,0.040325,0.038369,0.036454,0.034580,0.032747,0.030954,0.029202,0.027489,0.025815,0.024181,0.022585,0.021028,0.019508,0.018026,0.016581,0.015172,0.013800,0.012464,0.011162,0.009896,0.008665,0.007467,0.006303,0.005172,0.004074,0.003008,0.001974,0.000972,0.000000
0.266474,0.262383,0.258290,0.254196,0.250103,0.246014,0.241930,0.237852,0.233783,0.229724,0.225678,0.221644,0.217626,0.213624,0.209640,0.205675,0.201731,0.197808,0.193909,0.190033,0.186183,0.182360,0.178564,0.174796,0.171058,0.167350,0.163674,0.160029,0.156418,0.152840,0.149296,0.145787,0.142314,0.138877,0.135477,0.132114,0.128790,0.125503,0.122255,0.119047,0.115878,0.112749,0.109661,0.106612,0.103605,0.100639,0.097714,0.094830,0.091988,0.089188,0.086429,0.083713,0.081038,0.078406,0.075816,0.073267,0.070761,0.068297,0.065875,0.063494,0.061155,0.058858,0.056603,0.054389,0.052216,0.050084,0.047994,0.045943,0.043934,0.041964,0.040034,0.038144,0.036294,0.034482,0.032710,0.030976,0.029280,0.027623,0.026002,0.024419,0.022873,0.021364,0.019891,0.018453,0.017051,0.015684,0.014352,0.013054,0.011790,0.010559,0.009361,0.008196,0.007063,0.005962,0.004893,0.003854,0.002846,0.001868,0.000919,0.000000
0.251148,0.247293,0.243436,0.239577,0.235721,0.231867,0.228018,0.224175,0.220340,0.216515,0.212702,0.208900,0.205113,0.201342,0.197587,0.193850,0.190133,0.186436,0.182761,0.179109,0.175481,0.171877,0.168300,0.164749,0.161226,0.157732,0.154267,0.150832,0.147428,0.144056,0.140716,0.137409,0.134135,0.130896,0.127692,0.124522,0.121389,0.118291,0.115230,0.112207,0.109220,0.106271,0.103360,0.100487,0.097652,0.094857,0.092100,0.089382,0.086703,0.084064,0.081464,0.078904,0.076383,0.073902,0.071460,0.069058,0.066696,0.064374,0.062090,0.059847,0.057643,0.055478,0.053352,0.051265,0.049217,0.047208,0.045237,0.043304,0.041410,0.039554,0.037735,0.035954,0.034209,0.032502,0.030831,0.029197,0.027599,0.026036,0.024509,0.023017,0.021560,0.020137,0.018748,0.017393,0.016072,0.014783,0.013528,0.012304,0.011113,0.009952,0.008824,0.007725,0.006658,0.005620,0.004612,0.003633,0.002682,0.001760,0.000866,0.000000
0.235759,0.232141,0.228520,0.224898,0.221278,0.217661,0.214048,0.210441,0.206841,0.203251,0.199671,0.196103,0.192548,0.189008,0.185484,0.181976,0.178487,0.175017,0.171567,0.168139,0.164733,0.161350,0.157992,0.154659,0.151352,0.148072,0.144819,0.141595,0.138400,0.135234,0.132099,0.128994,0.125922,0.122881,0.119873,0.116898,0.113956,0.111049,0.108175,0.105336,0.102533,0.099764,0.097032,0.094335,0.091674,0.089049,0.086461,0.083910,0.081395,0.078918,0.076477,0.074074,0.071707,0.069378,0.067086,0.064831,0.062614,0.060433,0.058290,0.056184,0.054114,0.052082,0.050086,0.048127,0.046205,0.044318,0.042468,0.040654,0.038876,0.037133,0.035425,0.033753,0.032116,0.030513,0.028944,0.027410,0.025910,0.024443,0.023009,0.021608,0.020240,0.018905,0.017601,0.016329,0.015088,0.013879,0.012700,0.011551,0.010432,0.009343,0.008284,0.007253,0.006250,0.005276,0.004329,0.003410,0.002518,0.001653,0.000813,0.000000
0.220311,0.216930,0.213546,0.210163,0.206780,0.203400,0.200024,0.196653,0.193290,0.189935,0.186590,0.183256,0.179934,0.176626,0.173333,0.170055,0.166795,0.163552,0.160329,0.157125,0.153943,0.150782,0.147644,0.144529,0.141439,0.138374,0.135334,0.132321,0.129335,0.126377,0.123447,0.120547,0.117675,0.114834,0.112023,0.109243,0.106494,0.103777,0.101091,0.098439,0.095819,0.093232,0.090678,0.088158,0.085671,0.083219,0.080800,0.078416,0.076066,0.073751,0.071470,0.069224,0.067012,0.064836,0.062694,0.060587,0.058514,0.056477,0.054474,0.052505,0.050572,0.048672,0.046807,0.044976,0.043180,0.041417,0.039688,0.037993,0.036331,0.034702,0.033106,0.031544,0.030013,0.028515,0.027050,0.025616,0.024214,0.022843,0.021503,0.020194,0.018915,0.017667,0.016449,0.015260,0.014101,0.012970,0.011868,0.010795,0.009750,0.008732,0.007741,0.006778,0.005841,0.004931,0.004046,0.003187,0.002353,0.001545,0.000760,0.000000
0.204807,0.201664,0.198519,0.195373,0.192229,0.189087,0.185949,0.182816,0.179689,0.176571,0.173461,0.170362,0.167274,0.164199,0.161138,0.158091,0.155060,0.152046,0.149049,0.146071,0.143113,0.140174,0.137257,0.134362,0.131489,0.128639,0.125814,0.123013,0.120237,0.117487,0.114764,0.112067,0.109398,0.106756,0.104143,0.101559,0.099003,0.096477,0.093981,0.091515,0.089080,0.086675,0.084300,0.081958,0.079646,0.077366,0.075118,0.072901,0.070717,0.068564,0.066444,0.064356,0.062300,0.060276,0.058285,0.056326,0.054400,0.052505,0.050643,0.048813,0.047015,0.045250,0.043516,0.041814,0.040143,0.038505,0.036897,0.035321,0.033776,0.032262,0.030778,0.029326,0.027903,0.026510,0.025148,0.023815,0.022511,0.021237,0.019991,0.018774,0.017585,0.016425,0.015292,0.014187,0.013109,0.012058,0.011034,0.010036,0.009064,0.008118,0.007197,0.006301,0.005430,0.004584,0.003762,0.002963,0.002188,0.001436,0.000707,0.000000
0.189251,0.186347,0.183441,0.180535,0.177630,0.174726,0.171827,0.168932,0.166043,0.163161,0.160288,0.157425,0.154571,0.151730,0.148901,0.146086,0.143285,0.140500,0.137731,0.134979,0.132246,0.129531,0.126835,0.124160,0.121505,0.118872,0.116261,0.113673,0.111108,0.108567,0.106051,0.103559,0.101092,0.098651,0.096237,0.093848,0.091487,0.089153,0.086846,0.084568,0.082317,0.080095,0.077901,0.075736,0.073600,0.071493,0.069415,0.067367,0.065348,0.063359,0.061400,0.059470,0.057571,0.055701,0.053861,0.052051,0.050270,0.048520,0.046799,0.045108,0.043447,0.041815,0.040213,0.038640,0.037096,0.035582,0.034097,0.032640,0.031212,0.029813,0.028442,0.027100,0.025785,0.024498,0.023239,0.022007,0.020803,0.019625,0.018474,0.017349,0.016251,0.015178,0.014132,0.013110,0.012114,0.011143,0.010197,0.009274,0.008376,0.007502,0.006651,0.005823,0.005018,0.004236,0.003476,0.002738,0.002022,0.001327,0.000653,0.000000
0.173648,0.170984,0.168318,0.165651,0.162985,0.160322,0.157661,0.155005,0.152355,0.149711,0.147074,0.144447,0.141829,0.139222,0.136627,0.134044,0.131474,0.128918,0.126378,0.123853,0.121345,0.118854,0.116380,0.113925,0.111490,0.109074,0.106678,0.104304,0.101950,0.099619,0.097310,0.095023,0.092760,0.090520,0.088305,0.086114,0.083947,0.081805,0.079689,0.077598,0.075533,0.073494,0.071481,0.069494,0.067534,0.065601,0.063695,0.061815,0.059963,0.058138,0.056340,0.054569,0.052826,0.051111,0.049422,0.047761,0.046128,0.044521,0.042942,0.041391,0.039867,0.038369,0.036899,0.035456,0.034040,0.032650,0.031287,0.029951,0.028640,0.027357,0.026099,0.024867,0.023660,0.022480,0.021324,0.020194,0.019088,0.018008,0.016951,0.015920,0.014912,0.013928,0.012967,0.012030,0.011116,0.010225,0.009356,0.008510,0.007686,0.006884,0.006103,0.005343,0.004605,0.003887,0.003190,0.002513,0.001855,0.001218,0.000599,0.000000
0.158001,0.155577,0.153152,0.150725,0.148300,0.145876,0.143456,0.141039,0.138627,0.136222,0.133823,0.131433,0.129051,0.126679,0.124317,0.121967,0.119629,0.117304,0.114992,0.112695,0.110412,0.108146,0.105895,0.103662,0.101446,0.099248,0.097068,0.094907,0.092766,0.090644,0.088543,0.086463,0.084404,0.082366,0.080350,0.078356,0.076385,0.074436,0.072510,0.070608,0.068729,0.066873,0.065042,0.063234,0.061451,0.059692,0.057957,0.056247,0.054562,0.052901,0.051265,0.049654,0.048068,0.046507,0.044970,0.043459,0.041973,0.040511,0.039075,0.037663,0.036276,0.034913,0.033576,0.032262,0.030974,0.029709,0.028469,0.027253,0.026061,0.024893,0.023748,0.022627,0.021529,0.020455,0.019403,0.018375,0.017369,0.016386,0.015425,0.014486,0.013569,0.012673,0.011799,0.010947,0.010115,0.009304,0.008514,0.007744,0.006994,0.006264,0.005553,0.004862,0.004190,0.003537,0.002902,0.002286,0.001688,0.001108,0.000545,0.000000
0.142315,0.140131,0.137947,0.135761,0.133577,0.131394,0.129214,0.127037,0.124865,0.122698,0.120538,0.118385,0.116239,0.114103,0.111976,0.109859,0.107753,0.105659,0.103577,0.101508,0.099452,0.097410,0.095383,0.093372,0.091376,0.089396,0.087432,0.085486,0.083557,0.081647,0.079754,0.077880,0.076026,0.074190,0.072374,0.070578,0.068803,0.067047,0.065313,0.063599,0.061907,0.060235,0.058586,0.056958,0.055351,0.053767,0.052204,0.050664,0.049146,0.047650,0.046177,0.044726,0.043297,0.041891,0.040507,0.039146,0.037807,0.036490,0.035196,0.033925,0.032675,0.031448,0.030243,0.029060,0.027899,0.026761,0.025643,0.024548,0.023474,0.022422,0.021391,0.020381,0.019393,0.018425,0.017478,0.016551,0.015645,0.014760,0.013894,0.013048,0.012222,0.011415,0.010628,0.009860,0.009111,0.008381,0.007669,0.006975,0.006300,0.005642,0.005002,0.004380,0.003774,0.003186,0.002614,0.002059,0.001521,0.000998,0.000491,0.000000
0.126592,0.124650,0.122707,0.120763,0.118820,0.116878,0.114939,0.113003,0.111071,0.109144,0.107222,0.105307,0.103398,0.101498,0.099606,0.097723,0.095850,0.093987,0.092135,0.090294,0.088466,0.086650,0.084847,0.083057,0.081282,0.079521,0.077774,0.076043,0.074327,0.072628,0.070944,0.069278,0.067628,0.065995,0.064380,0.062782,0.061203,0.059641,0.058098,0.056574,0.055069,0.053582,0.052114,0.050666,0.049237,0.047828,0.046438,0.045068,0.043718,0.042387,0.041076,0.039785,0.038515,0.037264,0.036033,0.034822,0.033631,0.032460,0.031309,0.030177,0.029066,0.027975,0.026903,0.025850,0.024818,0.023805,0.022811,0.021837,0.020881,0.019945,0.019028,0.018130,0.017251,0.016390,0.015547,0.014723,0.013917,0.013129,0.012359,0.011607,0.010872,0.010155,0.009454,0.008771,0.008105,0.007455,0.006822,0.006205,0.005604,0.005019,0.004450,0.003896,0.003357,0.002834,0.002326,0.001832,0.001353,0.000888,0.000437,0.000000
0.110838,0.109138,0.107436,0.105735,0.104033,0.102333,0.100635,0.098940,0.097248,0.095561,0.093879,0.092202,0.090531,0.088867,0.087210,0.085562,0.083922,0.082291,0.080669,0.079058,0.077457,0.075867,0.074288,0.072722,0.071167,0.069625,0.068096,0.066580,0.065078,0.063590,0.062116,0.060657,0.059212,0.057783,0.056368,0.054970,0.053587,0.052220,0.050869,0.049534,0.048216,0.046914,0.045630,0.044362,0.043110,0.041876,0.040660,0.039460,0.038278,0.037113,0.035965,0.034835,0.033722,0.032627,0.031549,0.030489,0.029446,0.028421,0.027413,0.026422,0.025449,0.024494,0.023555,0.022634,0.021730,0.020843,0.019973,0.019120,0.018283,0.017464,0.016661,0.015874,0.015104,0.014350,0.013613,0.012891,0.012186,0.011496,0.010821,0.010163,0.009519,0.008891,0.008278,0.007680,0.007096,0.006527,0.005973,0.005433,0.004907,0.004394,0.003896,0.003411,0.002940,0.002481,0.002036,0.001604,0.001184,0.000777,0.000383,0.000000
0.095056,0.093598,0.092139,0.090679,0.089220,0.087762,0.086306,0.084852,0.083402,0.081954,0.080512,0.079073,0.077641,0.076214,0.074793,0.073379,0.071973,0.070574,0.069183,0.067801,0.066428,0.065065,0.063711,0.062367,0.061034,0.059712,0.058400,0.057100,0.055812,0.054536,0.053272,0.052020,0.050781,0.049555,0.048343,0.047143,0.045957,0.044785,0.043626,0.042481,0.041351,0.040235,0.039133,0.038045,0.036972,0.035914,0.034870,0.033842,0.032828,0.031829,0.030844,0.029875,0.028921,0.027981,0.027057,0.026148,0.025254,0.024374,0.023510,0.022660,0.021826,0.021006,0.020201,0.019411,0.018636,0.017875,0.017129,0.016397,0.015680,0.014977,0.014289,0.013614,0.012954,0.012307,0.011675,0.011056,0.010451,0.009859,0.009281,0.008716,0.008164,0.007625,0.007099,0.006586,0.006086,0.005598,0.005122,0.004659,0.004208,0.003769,0.003341,0.002925,0.002521,0.002128,0.001746,0.001376,0.001016,0.000667,0.000328,0.000000
0.079250,0.078034,0.076818,0.075601,0.074384,0.073169,0.071955,0.070743,0.069533,0.068327,0.067124,0.065925,0.064730,0.063541,0.062356,0.061178,0.060005,0.058839,0.057679,0.056527,0.055383,0.054246,0.053117,0.051997,0.050885,0.049783,0.048689,0.047606,0.046532,0.045468,0.044414,0.043370,0.042338,0.041315,0.040304,0.039304,0.038315,0.037338,0.036372,0.035418,0.034475,0.033545,0.032626,0.031719,0.030825,0.029942,0.029072,0.028215,0.027369,0.026536,0.025716,0.024908,0.024112,0.023329,0.022558,0.021800,0.021054,0.020321,0.019601,0.018893,0.018197,0.017513,0.016842,0.016184,0.015537,0.014903,0.014281,0.013671,0.013073,0.012487,0.011913,0.011350,0.010800,0.010261,0.009733,0.009217,0.008713,0.008220,0.007738,0.007267,0.006806,0.006357,0.005919,0.005491,0.005074,0.004667,0.004271,0.003884,0.003508,0.003142,0.002786,0.002439,0.002102,0.001774,0.001456,0.001147,0.000847,0.000556,0.000274,0.000000
0.063424,0.062451,0.061477,0.060504,0.059530,0.058557,0.057586,0.056616,0.055648,0.054682,0.053720,0.052760,0.051804,0.050852,0.049904,0.048961,0.048022,0.047089,0.046161,0.045239,0.044323,0.043413,0.042510,0.041613,0.040724,0.039841,0.038966,0.038099,0.037239,0.036388,0.035545,0.034709,0.033883,0.033065,0.032256,0.031455,0.030664,0.029882,0.029109,0.028345,0.027591,0.026846,0.026111,0.025385,0.024669,0.023963,0.023267,0.022580,0.021904,0.021237,0.020580,0.019934,0.019297,0.018670,0.018053,0.017447,0.016850,0.016263,0.015687,0.015120,0.014563,0.014016,0.013479,0.012952,0.012434,0.011927,0.011429,0.010941,0.010462,0.009993,0.009534,0.009084,0.008643,0.008212,0.007790,0.007377,0.006973,0.006578,0.006192,0.005815,0.005447,0.005088,0.004737,0.004395,0.004061,0.003735,0.003418,0.003109,0.002808,0.002515,0.002229,0.001952,0.001682,0.001420,0.001165,0.000918,0.000678,0.000445,0.000219,0.000000
0.047582,0.046852,0.046122,0.045391,0.044661,0.043931,0.043202,0.042474,0.041748,0.041024,0.040301,0.039582,0.038864,0.038150,0.037439,0.036731,0.036027,0.035327,0.034631,0.033939,0.033252,0.032569,0.031892,0.031219,0.030552,0.029890,0.029233,0.028583,0.027938,0.027299,0.026666,0.026040,0.025419,0.024806,0.024199,0.023598,0.023005,0.022418,0.021838,0.021265,0.020699,0.020140,0.019589,0.019044,0.018507,0.017977,0.017455,0.016940,0.016432,0.015932,0.015440,0.014954,0.014477,0.014007,0.013544,0.013089,0.012641,0.012201,0.011768,0.011343,0.010925,0.010515,0.010112,0.009717,0.009329,0.008948,0.008574,0.008208,0.007849,0.007497,0.007152,0.006815,0.006484,0.006161,0.005844,0.005534,0.005231,0.004935,0.004646,0.004363,0.004087,0.003817,0.003554,0.003297,0.003046,0.002802,0.002564,0.002332,0.002106,0.001886,0.001673,0.001464,0.001262,0.001065,0.000874,0.000689,0.000508,0.000334,0.000164,0.000000
0.031728,0.031241,0.030754,0.030267,0.029780,0.029293,0.028807,0.028322,0.027838,0.027355,0.026873,0.026393,0.025915,0.025439,0.024964,0.024492,0.024023,0.023556,0.023092,0.022631,0.022172,0.021717,0.021265,0.020817,0.020372,0.019930,0.019493,0.019059,0.018629,0.018203,0.017781,0.017363,0.016950,0.016541,0.016136,0.015735,0.015339,0.014948,0.014561,0.014179,0.013802,0.013429,0.013062,0.012699,0.012341,0.011987,0.011639,0.011296,0.010957,0.010624,0.010295,0.009972,0.009653,0.009340,0.009031,0.008728,0.008429,0.008136,0.007847,0.007564,0.007285,0.007011,0.006743,0.006479,0.006220,0.005966,0.005717,0.005473,0.005234,0.004999,0.004769,0.004544,0.004324,0.004108,0.003897,0.003690,0.003488,0.003291,0.003098,0.002909,0.002725,0.002545,0.002370,0.002198,0.002031,0.001868,0.001710,0.001555,0.001405,0.001258,0.001115,0.000976,0.000841,0.000710,0.000583,0.000459,0.000339,0.000223,0.000110,0.000000
0.015866,0.015623,0.015379,0.015135,0.014892,0.014648,0.014405,0.014163,0.013921,0.013679,0.013438,0.013198,0.012959,0.012721,0.012484,0.012248,0.012013,0.011779,0.011547,0.011317,0.011088,0.010860,0.010634,0.010410,0.010187,0.009966,0.009748,0.009531,0.009316,0.009103,0.008892,0.008683,0.008476,0.008271,0.008069,0.007869,0.007671,0.007475,0.007282,0.007090,0.006902,0.006715,0.006532,0.006350,0.006171,0.005994,0.005820,0.005648,0.005479,0.005312,0.005148,0.004986,0.004827,0.004670,0.004516,0.004364,0.004215,0.004068,0.003924,0.003782,0.003643,0.003506,0.003372,0.003240,0.003110,0.002983,0.002859,0.002737,0.002617,0.002500,0.002385,0.002272,0.002162,0.002054,0.001949,0.001845,0.001744,0.001646,0.001549,0.001455,0.001363,0.001273,0.001185,0.001099,0.001016,0.000934,0.000855,0.000778,0.000702,0.000629,0.000558,0.000488,0.000421,0.000355,0.000291,0.000230,0.000170,0.000111,0.000055,0.000000
0.000000,0.000000,0.000000,0.000000,0.000000,0.000000,0.000000,0.000000,0.000000,0.000000,0.000000,0.000000,0.000000,0.000000,0.000000,0.000000,0.000000,0.000000,0.000000,0.000000,0.000000,0.000000,0.000000,0.000000,0.000000,0.000000,0.000000,0.000000,0.000000,0.000000,0.000000,0.000000,0.000000,0.000000,0.000000,0.000000,0.000000,0.000000,0.000000,0.000000,0.000000,0.000000,0.000000,0.000000,0.000000,0.000000,0.000000,0.000000,0.000000,0.000000,0.000000,0.000000,0.000000,0.000000,0.000000,0.000000,0.000000,0.000000,0.000000,0.000000,0.000000,0.000000,0.000000,0.000000,0.000000,0.000000,0.000000,0.000000,0.000000,0.000000,0.000000,0.000000,0.000000,0.000000,0.000000,0.000000,0.000000,0.000000,0.000000,0.000000,0.000000,0.000000,0.000000,0.000000,0.000000,0.000000,0.000000,0.000000,0.000000,0.000000,0.000000,0.000000,0.000000,0.000000,0.000000,0.000000,0.000000,0.000000,0.000000,0.000000
